Name,DNI,Email,PhoneMobile,PhoneLandline,Address,City,PostalCode,Province
Luisa Madrigal Marin,63639072-G,luisamadrigalmarin@gmail.com,613457629,984378611,Glorieta Venceslás Noguera 64,Gijón,33394,Asturias
Celestino Olivares Gómez,12667102-J,celestinoolivaresgomez@hotmail.com,791554474,9480689027,Cuesta Purificación Cabrera 759,Lapoblación,31227,Nafarroa
Edmundo Mosquera Rojas,64907169-L,edmundomosquerarojas@yahoo.com,668054097,,Alameda Vicenta Anglada 66,Córdoba,14193,Córdoba
Fortunata Garzón Roman,91418380-G,fortunatagarzonroman@gmail.com,680669049,9478407075,Ronda Pascual Pereira 29,Roa,09300,Burgos
Anna Susana Torrents España,39356877-J,annasusanatorrentsespana@gmail.com,686651972,,Pasaje de Alcides Cardona 7,Corduente,19392,Guadalajara
Cosme Belda-Badía,80559664-W,cosmebeldabadia@gmail.com,653004769,,Pasadizo Rosario Teruel 81,"Estrada, A",36684,Pontevedra
Ruy Gutierrez,50644914-H,ruygutierrez@hotmail.com,750779138,9686593941,Rambla de Nieves Adán 504 Apt. 22 ,Lorca,30800,Murcia
María Luisa Nogués Real,80424112-N,marialuisanoguesreal@gmail.com,688157496,939815264,Via de Manola Perales 29 Piso 6 ,Cornellà de Llobregat,08940,Barcelona
Heriberto Martorell Briones,67487594-M,heribertomartorellbriones@gmail.com,638845509,9690961867,Cuesta Liliana Jover 200,Vara de Rey,16709,Cuenca
Malena Paredes Sanz,59801376-L,malenaparedessanz@yahoo.com,651780204,9867023035,Paseo Quirino Castrillo 12,Salvaterra de Miño,36459,Pontevedra
Godofredo Falcón Morell,45447020-D,godofredofalconmorell@gmail.com,771568286,9275566424,Vial de Beatriz Revilla 63,Toril,10521,Cáceres
Plácido de Solís,13845930-E,placidodesolis@hotmail.com,625758461,,Callejón Cruz Aramburu 55 Apt. 08 ,Urduña/Orduña,48460,Bizkaia
Heraclio Río Aragonés,38131248-P,heracliorioaragones@hotmail.com,773162279,9784727323,Ronda de Hermenegildo Dominguez 57 Piso 0 ,Formiche Alto,44441,Teruel
Marcela Ariño Escobar,27861994-R,marcelaarinoescobar@yahoo.com,713370237,9250438209,Via de Jesusa Garzón 98,Santa Olalla,45530,Toledo
Adelardo Ropero Martin,24014542-N,adelardoroperomartin@gmail.com,707065881,,Glorieta Anastasia Gómez 7,Oviedo,33003,Asturias
Evelia de Bru,72686331-Y,eveliadebru@gmail.com,620042717,,Callejón de Carolina Anguita 31 Apt. 39 ,Puerto Serrano,11659,Cádiz
Tamara de Roda,85010051-G,tamaraderoda@hotmail.com,620241612,,Urbanización Alexandra Nicolau 41 Puerta 8 ,Pomar de Valdivia,34814,Palencia
Sebastián Nadal-Rubio,56792834-S,sebastiannadalrubio@yahoo.com,665478019,9477839040,Pasaje Lalo Cáceres 38 Apt. 60 ,Espinosa de los Monteros,09566,Burgos
Victor Manuel Paco Baró Acero,85932274-L,victormanuelpacobaroacero@gmail.com,650954707,9803709475,Urbanización Eustaquio Gascón 95 Piso 0 ,Zamora,49025,Zamora
Caridad Quero Roman,33464611-W,caridadqueroroman@hotmail.com,621494095,9730186870,Avenida de Florencia Carbajo 75 Puerta 1 ,Gavet de la Conca,25689,Lleida
Ulises Torralba-Feliu,12685446-A,ulisestorralbafeliu@hotmail.com,693837558,,Camino Dulce Ribes 1 Puerta 6 ,Revilla de Collazos,34407,Palencia
Benigna Arribas Olivares,38397565-P,benignaarribasolivares@hotmail.com,764833436,9240203832,Acceso de Ciriaco Ferrer 3 Piso 0 ,Guisando,05417,Ávila
Perlita Puga Sebastián,63786534-J,perlitapugasebastian@gmail.com,701869108,9576848011,Pasadizo de Ignacio Romero 61 Puerta 3 ,"Viso, El",14470,Córdoba
Estefanía Amaya Alcaraz Espada,56421809-A,estefaniaamayaalcarazespada@hotmail.com,679434590,,Callejón de Rebeca Zabaleta 23,Cervera de la Cañada,50312,Zaragoza
Nadia Merino Morán,23196834-T,nadiamerinomoran@yahoo.com,754841871,,Vial Roldán Benítez 495,Humada,09124,Burgos
Bernardita Rebollo,94032225-Z,bernarditarebollo@yahoo.com,611349209,,Camino Leonor Ortiz 83,Sant Llorenç Savall,08212,Barcelona
Gaspar Jiménez,67310136-S,gasparjimenez@gmail.com,630184285,,Urbanización Josué Patiño 67 Apt. 83 ,Allín/Allin,31290,Nafarroa
Flor Cisneros Ariza,21257620-P,florcisnerosariza@yahoo.com,781483382,9675860711,Ronda de Abril Piñol 9 Apt. 75 ,Alcaraz,02314,Albacete
Cruz Tormo Reina,18486147-N,cruztormoreina@hotmail.com,612616082,,Acceso de Marisela Vicente 55 Apt. 30 ,Casas Bajas,46146,Valéncia
Carmela Andrés Nogueira,23538924-B,carmelaandresnogueira@yahoo.com,797998285,959425747,Rambla Modesta Ugarte 49 Piso 2 ,Lora del Río,41440,Sevilla
Roberto de Sobrino,30168569-K,robertodesobrino@gmail.com,698858902,,Avenida de Flavia Arjona 3 Puerta 7 ,Monforte de la Sierra,37618,Salamanca
Chuy Abad,22258230-A,chuyabad@gmail.com,747523651,9798005477,Cuesta de Constanza Iñiguez 26,Micieces de Ojeda,34485,Palencia
Rocío Querol Quesada,79493388-Y,rocioquerolquesada@hotmail.com,615220720,,Callejón Leonardo Isern 9,Guillena,41210,Sevilla
Marianela Benavides,92089637-Y,marianelabenavides@gmail.com,710813516,9280943499,Alameda Begoña Prats 918 Piso 5 ,Telde,35210,Las Palmas
Sol Enríquez Calvo,93560325-M,solenriquezcalvo@gmail.com,699469550,9760787560,Plaza Noé Calleja 31,"Muela, La",50196,Zaragoza
Toni Cámara López,23532217-C,tonicamaralopez@hotmail.com,605136783,,Cuesta César Riera 728 Apt. 99 ,Trucios-Turtzioz,48880,Bizkaia
Jesús Cobo Quintero,18848834-N,jesuscoboquintero@hotmail.com,766022553,9213389995,Alameda Agustina Real 225,Santa María la Real de Nieva,40448,Segovia
Noemí del Aguiló,11448184-A,noemidelaguilo@yahoo.com,606174203,,Rambla de Fausto Diéguez 7,Cerceda,15185,A Coruña
Evaristo Carvajal-Ugarte,37482024-M,evaristocarvajalugarte@gmail.com,761273959,,Pasadizo Geraldo Gabaldón 47 Piso 7 ,"Palomar, el",46891,Valéncia
Caridad Solsona Delgado,37842967-D,caridadsolsonadelgado@hotmail.com,600189920,9255852213,Camino de Manola Llabrés 44 Apt. 70 ,Corral de Almaguer,45880,Toledo
Flor Roman,76126895-T,florroman@hotmail.com,737611736,954659242,Callejón Pili Espinosa 82 Piso 7 ,Pilas,41840,Sevilla
Rubén Álvaro-Páez,44069955-T,rubenalvaropaez@hotmail.com,748760399,9778564770,Acceso de Eulalia Verdú 54,Tarragona,43130,Tarragona
Reyes Piña Posada,80880245-D,reyespinaposada@yahoo.com,767161468,937845138,Ronda Jonatan Aguiló 42 Puerta 8 ,Granollers,08401,Barcelona
Nicolás Cid,24682702-E,nicolascid@hotmail.com,724219817,9648520096,Acceso de Natanael Torralba 43,Ares del Maestrat,12165,Castelló
Brunilda Castro Pedrero,58657778-G,brunildacastropedrero@hotmail.com,706018593,9860708279,Glorieta de Moisés Benavente 23 Puerta 1 ,Vigo,36315,Pontevedra
Vilma Ibañez Barbero,56101984-Q,vilmaibanezbarbero@hotmail.com,685268831,,Urbanización Isabel Guardia 62 Piso 8 ,Torremocha,10184,Cáceres
Asunción Piñeiro Rosa,23788711-H,asuncionpineirorosa@gmail.com,760046646,,Cañada de María Fernanda Sanchez 67 Apt. 31 ,Hospital de Órbigo,24286,León
Etelvina del Jiménez,38391685-Q,etelvinadeljimenez@hotmail.com,687548674,9420345406,Acceso de Trinidad Pablo 87 Puerta 0 ,Miera,39723,Cantabria
Melisa Palacio Sabater,22614411-Y,melisapalaciosabater@yahoo.com,729311383,9871956088,Rambla de Custodia Vigil 13,Soto y Amío,24125,León
Porfirio Sala Anaya,14496631-F,porfiriosalaanaya@hotmail.com,798335594,9715713651,Via Sara Ordóñez 18 Apt. 06 ,"Salines, Ses",07640,Illes Balears
Cristóbal Frías,40733310-B,cristobalfrias@hotmail.com,743004564,,Calle de Manola Neira 731 Apt. 64 ,Samos,27626,Lugo
Donato Nicanor Paz Torre,20470616-H,donatonicanorpaztorre@yahoo.com,773698942,,Vial Kike Correa 32,Zaragoza,50009,Zaragoza
Rosaura Lorenzo Caro,22566629-H,rosauralorenzocaro@yahoo.com,665525825,9772079721,Acceso Mohamed Abascal 19 Apt. 61 ,Aldover,43591,Tarragona
Amaya Vélez Barreda,74460010-V,amayavelezbarreda@gmail.com,753364263,,Cañada de Martirio Navarro 81 Puerta 0 ,"Irixo, O",32537,Ourense
Xiomara Padilla Garriga,12574770-A,xiomarapadillagarriga@gmail.com,615653390,,Vial de Odalis Vigil 36 Piso 2 ,Tapia de Casariego,33740,Asturias
Vicenta Candelas Izaguirre Salas,75307668-X,vicentacandelasizaguirresalas@gmail.com,619986396,,Avenida de Marcelino Jaume 82,Urduliz,48610,Bizkaia
Elena Camps Querol,31746575-C,elenacampsquerol@yahoo.com,714421299,9588616069,Paseo Belén Vila 49,Cádiar,18440,Granada
Cándida Ibarra Moll,62818163-B,candidaibarramoll@hotmail.com,680057519,9757760128,Urbanización de Graciano Villalobos 18,Montejo de Tiermes,42342,Soria
Marcelo Araujo Bosch,81907995-G,marceloaraujobosch@hotmail.com,697522250,,Paseo de Dominga Doménech 8,Ourense,32593,Ourense
Zacarías Delgado Bermúdez,80092428-B,zacariasdelgadobermudez@yahoo.com,632005670,9577664477,Callejón Ángel Gascón 732,Valenzuela,14670,Córdoba
Pastora Barrera Álamo,59820880-L,pastorabarreraalamo@yahoo.com,690373375,,C. Nilda Reyes 78 Apt. 51 ,San Sebastián de los Reyes,28708,Madrid
Evita Mulet-Gallego,82356594-B,evitamuletgallego@yahoo.com,678840639,9715685435,Alameda de Félix Araujo 28,Capdepera,07589,Illes Balears
Apolonia Benavides Barbero,18792041-Y,apoloniabenavidesbarbero@gmail.com,629208427,9251850778,Glorieta Rosalina Abril 3,Menasalbas,45121,Toledo
Eliseo Nevado Bou,20680958-W,eliseonevadobou@yahoo.com,724013554,,Paseo de Ágata Roselló 82 Piso 9 ,Badajoz,06194,Badajoz
Samu de León,83405407-R,samudeleon@yahoo.com,795264549,9805626489,Vial de Jordi Cases 25,Villalonso,49860,Zamora
Bernardita Pedrero Torralba,49079506-J,bernarditapedrerotorralba@yahoo.com,644647408,,C. de Santos Cañellas 72,Friol,27229,Lugo
Rosa María Valverde Hierro,23250708-P,rosamariavalverdehierro@yahoo.com,725995341,,Paseo de Reina Arévalo 6 Apt. 62 ,Granada,18008,Granada
César Santana,62004785-M,cesarsantana@gmail.com,770691614,9888618066,Plaza Mamen Escrivá 64 Apt. 04 ,Entrimo,32860,Ourense
Marisol Rosales Camacho,47663835-S,marisolrosalescamacho@hotmail.com,600417422,9680936025,C. Godofredo Fortuny 49,Caravaca de la Cruz,30195,Murcia
Remedios de Lledó,51707426-E,remediosdelledo@hotmail.com,717751249,9809481745,Plaza Baltasar Valderrama 6,Rábano de Aliste,49525,Zamora
Fito Diéguez-Sanjuan,76754282-Q,fitodieguezsanjuan@gmail.com,777395238,9823050299,Pasaje de Alex Miró 519 Puerta 2 ,Xermade,27835,Lugo
Chus Pintor Cáceres,24878155-K,chuspintorcaceres@gmail.com,741821175,,Cañada de Laura Vera 305,Caldas de Reis,36615,Pontevedra
Dionisio Riera Moraleda,95894097-J,dionisiorieramoraleda@yahoo.com,721647893,9772685165,Cuesta de Aarón Guerra 13 Apt. 11 ,Mont-ral,43459,Tarragona
Ibán Soria Marqués,20534636-Y,ibansoriamarques@yahoo.com,632175160,,Glorieta de Domingo Llorente 27,Castroverde,27120,Lugo
Nacho Velasco Amaya,69701029-N,nachovelascoamaya@hotmail.com,763715505,,C. de Isidora Ribas 6 Apt. 59 ,Senterada,25514,Lleida
Elisa Alfonso Bermudez,64266484-E,elisaalfonsobermudez@gmail.com,632045774,,Urbanización de Simón Sanjuan 39 Apt. 19 ,Torrecilla del Rebollar,44222,Teruel
Amador Cabo,58974333-X,amadorcabo@gmail.com,687946010,9424552407,Avenida de Victorino Diego 53 Puerta 3 ,Torrelavega,39317,Cantabria
Mirta Ojeda Arellano,93472207-T,mirtaojedaarellano@gmail.com,732161271,,Pasaje de Ofelia Ojeda 37 Apt. 76 ,Lorca,30815,Murcia
Amílcar Folch Ríos,26290213-V,amilcarfolchrios@gmail.com,771162088,9867502153,Rambla de Ceferino Guardia 99,Sanxenxo,36969,Pontevedra
Amada Roda Bru,27476290-F,amadarodabru@yahoo.com,639077065,,Glorieta de Onofre Contreras 57,Arbo,36438,Pontevedra
Belén Sosa Casas,50252177-Y,belensosacasas@gmail.com,702970600,9813204079,Plaza Severo Acevedo 63,Outes,15237,A Coruña
Ángeles Mariana Diéguez Olivé,66471299-B,angelesmarianadieguezolive@gmail.com,673932374,,Paseo Gerardo Molins 5 Puerta 0 ,Poyales del Hoyo,05492,Ávila
Celestina Torrijos Vendrell,76271856-S,celestinatorrijosvendrell@gmail.com,772093784,,Camino Reinaldo Roma 80,Muñopedro,40145,Segovia
Reyes Caparrós Morante,93973489-C,reyescaparrosmorante@yahoo.com,676472994,9812757734,Alameda Claudia Pinedo 76 Piso 7 ,Vimianzo,15129,A Coruña
Gustavo Fabra León,21311239-Z,gustavofabraleon@gmail.com,692668359,9238482329,Ronda Anacleto Tena 7 Piso 3 ,Cantalpino,37405,Salamanca
Fidel Galindo Aramburu,37361565-C,fidelgalindoaramburu@yahoo.com,745025560,,Via Brunilda Salas 27 Piso 0 ,Huércal de Almería,04230,Almería
Felicidad de Baeza,82917982-S,felicidaddebaeza@hotmail.com,786992557,9730901759,Via Gabino Salamanca 36,Barbens,25262,Lleida
Guadalupe Pizarro-Pizarro,89762936-P,guadalupepizarropizarro@hotmail.com,701908400,944948129,Avenida Horacio Cabezas 75,Lezama,48196,Bizkaia
Juliana Angulo-Dominguez,47134927-S,julianaangulodominguez@hotmail.com,620507420,,Pasadizo Guadalupe Borrell 1 Puerta 3 ,Trucios-Turtzioz,48880,Bizkaia
Berta Gelabert Hernández,74810342-J,bertagelaberthernandez@gmail.com,760812374,9827087036,Acceso Nacio Roselló 41 Apt. 30 ,Alfoz,27774,Lugo
Héctor del Sanjuan,83986020-W,hectordelsanjuan@yahoo.com,716248555,9216770728,Calle Luis Mayoral 718 Piso 6 ,Frumales,40298,Segovia
Benigna de Teruel,31312642-M,benignadeteruel@hotmail.com,729358734,9640888955,Avenida de Marita Barreda 31 Piso 5 ,Sant Joan de Moró,12130,Castelló
Odalis Pérez Bermudez,60550095-L,odalisperezbermudez@gmail.com,618880329,9769341050,Calle Anita Almagro 34 Puerta 3 ,Quinto,50770,Zaragoza
Patricia Barriga Pellicer,93067451-K,patriciabarrigapellicer@gmail.com,697194872,9451653121,Paseo Bibiana Castillo 12 Apt. 69 ,Vitoria-Gasteiz,01195,Álava
Valerio Vives Salamanca,93776132-A,valeriovivessalamanca@gmail.com,622587668,,Cañada Jose Carlos Olmedo 55,Torregalindo,09493,Burgos
Modesto Segovia Heras,11894448-K,modestosegoviaheras@hotmail.com,650080976,9272545399,Via Flor Español 83,Alcántara,10990,Cáceres
Celia Guerra-Olmo,99599200-T,celiaguerraolmo@gmail.com,630410359,9587056142,Avenida de Aitana Pardo 39,Alpujarra de la Sierra,18460,Granada
Hilario Cal Rios,59586774-F,hilariocalrios@yahoo.com,691601330,,Via de Elisa Juliá 1,Murias de Paredes,24133,León
Dorita Sosa Leon,59623744-Q,doritasosaleon@gmail.com,795978115,9234369746,Via de Luz Fonseca 38 Puerta 9 ,Endrinal,37766,Salamanca
Encarnación Roca Segarra,30247057-X,encarnacionrocasegarra@yahoo.com,613927330,9775815644,C. Áurea Camps 53,Arnes,43495,Tarragona
Raquel Vazquez-Figuerola,68290704-R,raquelvazquezfiguerola@gmail.com,724601498,,Urbanización de Aarón Bautista 93,Fuente Palmera,14112,Córdoba
Estrella de Jove,65754105-A,estrelladejove@hotmail.com,718257250,,Vial Eloy Peñalver 5 Puerta 6 ,Pajarejos,40567,Segovia
Toribio García Gras,91889406-J,toribiogarciagras@gmail.com,698053297,,Avenida Ema Marcos 36,Pedret i Marzà,17493,Girona
Casandra Baena Oller,11798071-Z,casandrabaenaoller@yahoo.com,609961832,9255589818,Ronda Olivia Villena 78,Numancia de la Sagra,45230,Toledo
Perlita Paz,13508689-F,perlitapaz@hotmail.com,618174462,9455192513,Vial Florentina Cobo 4 Apt. 56 ,Ayala/Aiara,01477,Álava
Cristian Albert Varela Jódar,22773587-E,cristianalbertvarelajodar@yahoo.com,643241068,957229756,Calle Víctor Montenegro 6 Puerta 1 ,Sevilla,41002,Sevilla
Lucas Casares Nadal,89625049-Y,lucascasaresnadal@gmail.com,621419986,,Pasadizo Guiomar Grau 6,Cuntis,36677,Pontevedra
Yaiza Pizarro Calvo,13524430-Q,yaizapizarrocalvo@yahoo.com,605283200,9837580840,Rambla Marino Novoa 7,Mota del Marqués,47120,Valladolid
José Sola Montoya,70187848-J,josesolamontoya@hotmail.com,645264869,,C. de Javiera Jaén 22,Arcos de la Frontera,11638,Cádiz
Judith Lloret Montes,20961617-S,judithlloretmontes@hotmail.com,733936652,9686572936,Cuesta de Noemí Canet 13,Molina de Segura,30509,Murcia
Álvaro Bueno-Oliver,29182563-W,alvarobuenooliver@hotmail.com,613636567,,Plaza Leonel Guerra 3 Apt. 30 ,Alicante/Alacant,03010,Alacant
Felicidad Lago Vera,44262937-N,felicidadlagovera@gmail.com,680925854,963052907,Vial Manuel Juan 44,Beniarjó,46722,Valéncia
Leocadia Flores Sanjuan,97830897-Y,leocadiafloressanjuan@yahoo.com,639256788,,Rambla de Tamara Alvarado 8,"Roca de la Sierra, La",06190,Badajoz
Maricela Jódar Torre,55892692-R,maricelajodartorre@hotmail.com,607556799,9696378766,C. de Noemí Guzmán 44 Puerta 8 ,Villares del Saz,16442,Cuenca
Araceli Matilde Guillen Huguet,48963965-R,aracelimatildeguillenhuguet@hotmail.com,633379459,9793977347,Cuesta Godofredo Mosquera 736,Saldaña,34117,Palencia
Isidora Cruz Acero,90806916-H,isidoracruzacero@gmail.com,795174736,9648719664,Callejón Encarnación Porras 56,Castellón de la Plana/Castelló de la Plana,12002,Castelló
Vicente Mas Rey,57536360-C,vicentemasrey@hotmail.com,671156093,,Pasaje de Carmelita Pardo 797,Cornellà del Terri,17844,Girona
Aarón Rosendo Marco Fernández,53655446-B,aaronrosendomarcofernandez@gmail.com,691942178,,Pasaje María Cristina Aragón 55,Guía de Isora,38687,Sta. Cruz de Tenerife
Ani Villa Sedano,97398747-A,anivillasedano@yahoo.com,600265564,9670958822,Via de Lisandro Bas 714 Piso 9 ,Bogarra,02138,Albacete
Benigna Cano-Carrión,47796935-Z,benignacanocarrion@gmail.com,603592158,,Rambla Ruth Lladó 82 Piso 3 ,Torla-Ordesa,22378,Huesca
Charo Castañeda Huguet,95220776-V,charocastanedahuguet@hotmail.com,640017537,9743012725,Calle de Reyna Quintanilla 67 Apt. 09 ,Sallent de Gállego,22664,Huesca
Eligio del Anglada,92976228-Q,eligiodelanglada@yahoo.com,775877275,9202525448,Pasadizo de Adolfo Román 29 Puerta 2 ,Cantoria,04815,Almería
Eugenia Arellano-Leiva,26042089-V,eugeniaarellanoleiva@gmail.com,644867844,,Cuesta de Pancho Roca 1,Navàs,08670,Barcelona
Alejo Ciríaco Andrés Alcalá,81367446-R,alejociriacoandresalcala@yahoo.com,717645300,,Alameda Vilma Álvaro 8,"Seca, La",47491,Valladolid
Vanesa Lara Lluch,95276884-M,vanesalaralluch@gmail.com,694736713,915355521,Pasaje de Yaiza Acevedo 76,Madrid,28031,Madrid
Débora Estévez Muñoz,13709824-F,deboraestevezmunoz@gmail.com,762416466,,Cañada de Eloísa Espada 935 Piso 9 ,Monforte de Lemos,27591,Lugo
Regina Cerezo Almeida,61111670-A,reginacerezoalmeida@yahoo.com,610923647,939161222,Plaza Asdrubal Trujillo 9,Sant Llorenç Savall,08212,Barcelona
Haroldo Aliaga Polo,50622597-B,haroldoaliagapolo@gmail.com,617507624,9870334459,Rambla de Sandalio Vilaplana 672,Puente de Domingo Flórez,24385,León
Otilia Robledo,99320270-Z,otiliarobledo@gmail.com,781271861,9413208131,Urbanización de Bruno Valls 54,Cervera del Río Alhama,26520,La Rioja
Leyre Monreal Tamayo,18689324-F,leyremonrealtamayo@gmail.com,720056919,,Plaza Luna Madrigal 975 Puerta 5 ,Valderas,24220,León
Casemiro Lorenzo,84370761-E,casemirolorenzo@yahoo.com,726247884,,Plaza Paula Castrillo 54,Almería,04008,Almería
Florinda del Quintero,15330332-G,florindadelquintero@yahoo.com,729129705,,Rambla de Andrea Larrañaga 831 Apt. 18 ,Tacoronte,38350,Sta. Cruz de Tenerife
Zacarías Silva Mateu,63731743-P,zacariassilvamateu@yahoo.com,742060491,,Pasadizo de Marianela Valero 833,San Pablo de los Montes,45120,Toledo
Emma Martínez Salcedo,69012595-Z,emmamartinezsalcedo@gmail.com,605371646,,Pasaje de Roldán Arnaiz 57,Herrera,41567,Sevilla
Primitiva Medina,17873811-M,primitivamedina@hotmail.com,612294427,,Plaza de Pía Carranza 99,Alcudia de Monteagud,04276,Almería
Albino Abella Olmedo,62563692-N,albinoabellaolmedo@gmail.com,640599451,,Cuesta Cebrián Fabregat 62 Apt. 97 ,Santa Eulalia,44360,Teruel
Humberto Lopez Reguera,34469862-S,humbertolopezreguera@gmail.com,795825391,9721479985,Alameda de Vicenta Pérez 3,Darnius,17722,Girona
Martina Torrijos Clavero,60274300-V,martinatorrijosclavero@yahoo.com,794950504,9646510918,Pasadizo de Octavia Puig 1 Piso 3 ,Villahermosa del Río,12124,Castelló
Timoteo Galindo Portillo,16831528-J,timoteogalindoportillo@hotmail.com,750543757,9490431239,Cuesta Paz Conesa 9,Barriopedro,19490,Guadalajara
Emiliana del Royo,25634748-Y,emilianadelroyo@yahoo.com,663024384,9683616328,Pasadizo de Noé Vila 96 Apt. 64 ,Murcia,30155,Murcia
Edelmira Díez Pardo,52655461-C,edelmiradiezpardo@hotmail.com,602468487,,Vial de Lope Cifuentes 95,"Pernía, La",34849,Palencia
Claudio Pascual Haro Franco,27182719-P,claudiopascualharofranco@yahoo.com,700736235,,Avenida de Pacífica Duarte 27,Jerez de los Caballeros,06389,Badajoz
Pacífica Amat Gálvez,61784898-K,pacificaamatgalvez@hotmail.com,703040015,9873797821,Ronda Violeta Rodrigo 52 Puerta 8 ,Encinedo,24743,León
Maribel Cañete-Cerezo,60181754-T,maribelcanetecerezo@hotmail.com,607426436,,Cañada de Elpidio Amaya 57,Colmenar de Montemayor,37711,Salamanca
Carlota Rubio Narváez,75751600-L,carlotarubionarvaez@gmail.com,646092690,,Pasadizo de Cloe Puerta 96,Zaragoza,50059,Zaragoza
Antonia María Manuela Pina Bustos,40294000-R,antoniamariamanuelapinabustos@yahoo.com,773695754,9428099940,Plaza Elisa Estevez 29 Puerta 8 ,Miengo,39318,Cantabria
Marisela Amat,54531869-L,mariselaamat@yahoo.com,618709621,,Plaza de Eli Lozano 12 Apt. 41 ,Oviedo,33910,Asturias
Rosaura Verdú Beltrán,84900310-L,rosauraverdubeltran@hotmail.com,673758147,,Urbanización Isa Barrera 4,Xinzo de Limia,32632,Ourense
Pascuala Pastor Arévalo,25168441-R,pascualapastorarevalo@gmail.com,744892132,9823139972,Acceso Urbano Simó 1,Foz,27786,Lugo
Lupita Roman Romeu,58989440-Y,lupitaromanromeu@hotmail.com,649192723,9731426087,Ronda de Leyre Belda 42 Apt. 75 ,Mollerussa,25230,Lleida
Asdrubal Isern,64694370-Q,asdrubalisern@hotmail.com,614416404,,Cañada de Marisela Codina 24,Oleiros,15173,A Coruña
Severo Miró Gomez,71761355-K,severomirogomez@yahoo.com,762372908,,Glorieta de Zaira Tomas 95 Piso 2 ,Valdefresno,24228,León
Fidela Leon Alba,38454856-Y,fidelaleonalba@gmail.com,790170654,,Pasadizo Dimas Aguiló 99 Piso 0 ,Tías,35571,Las Palmas
Evangelina Higueras-Arévalo,93519745-C,evangelinahiguerasarevalo@yahoo.com,652229127,9237471678,Pasaje de Azucena Garcés 37 Apt. 52 ,"Alameda de Gardón, La",37497,Salamanca
Fidel Pozo Bautista,69445345-L,fidelpozobautista@yahoo.com,665034034,9454805414,Pasadizo de Victor Manuel Alegria 68,Aramaio,01169,Álava
Ismael Olivera Guitart,62153484-D,ismaeloliveraguitart@hotmail.com,705029242,9823938733,Paseo de Toni Nogueira 16 Puerta 4 ,Guitiriz,27308,Lugo
Graciano Luís Arjona,78744355-Z,gracianoluisarjona@yahoo.com,650857208,982564642,Alameda de Candelas Barón 43 Piso 4 ,Castrillón,33401,Asturias
Victoriano Jordán-Mendez,34927889-C,victorianojordanmendez@hotmail.com,753916745,,Ronda David Roda 82,Pontevedra,36153,Pontevedra
Paola Bautista-Fuentes,83456931-M,paolabautistafuentes@gmail.com,653855619,,Ronda de Palmira Llobet 1,"Morera, La",06176,Badajoz
Graciano Blanes,38356626-D,gracianoblanes@gmail.com,711343757,983877851,Acceso de Carlos Samper 395,Valdés,33780,Asturias
Ángel Ayuso Amador,68017810-W,angelayusoamador@gmail.com,630168806,9812238699,Plaza María Pilar Prada 20 Apt. 23 ,Narón,15541,A Coruña
Raquel Campillo Abellán,76809405-P,raquelcampilloabellan@gmail.com,614688025,,Avenida Sandra Tomé 56 Apt. 20 ,Capmany,17750,Girona
Conrado Rocamora-Zabaleta,60591982-T,conradorocamorazabaleta@yahoo.com,780087879,,Acceso Ana Belén Cantero 9,Cañaveral de León,21388,Huelva
Lidia Quero Quero,45700170-K,lidiaqueroquero@yahoo.com,625686574,,Rambla Martín Sanz 28,Sabiñánigo,22600,Huesca
Francisco Martorell Castrillo,61093818-E,franciscomartorellcastrillo@hotmail.com,782171172,,Ronda de Celia Real 5 Piso 8 ,Alicante/Alacant,03138,Alacant
Pili Encarnita Solís Gimeno,85653743-H,piliencarnitasolisgimeno@hotmail.com,710036625,,Urbanización de María Dolores Perera 644,Orreaga/Roncesvalles,31650,Nafarroa
Galo Granados-Cazorla,30400045-W,galogranadoscazorla@yahoo.com,707923054,,Ronda de Donato Ropero 442 Puerta 2 ,Perosillo,40354,Segovia
Rosa Ropero Cadenas,23060103-G,rosaroperocadenas@yahoo.com,622100423,933656897,Ronda de Ariel Vélez 86 Apt. 61 ,Sitges,08660,Barcelona
Luisina Navas Enríquez,32462369-P,luisinanavasenriquez@yahoo.com,616625892,9740611560,Plaza de Luciano Cózar 92 Apt. 24 ,Ilche,22415,Huesca
Clarisa Amador-Aramburu,52915252-A,clarisaamadoraramburu@yahoo.com,782992498,,Vial de Purificación Llobet 51,Belmonte de Miranda,33847,Asturias
Geraldo de Pi,25852866-S,geraldodepi@yahoo.com,621965250,9810760841,Via de Lisandro Girón 331,Ferrol,15594,A Coruña
Loida Gonzalez Aguilera,77878326-G,loidagonzalezaguilera@hotmail.com,663189272,9584640546,Callejón Loreto Carnero 2,Aldeire,18514,Granada
José Mari de Valentín,31105625-B,josemaridevalentin@hotmail.com,626520201,9491208928,Plaza Jose Miguel Jerez 37 Apt. 00 ,Hita,19248,Guadalajara
Dorotea Jimenez Valera,29151562-M,doroteajimenezvalera@yahoo.com,693068299,,Camino Maribel Pons 4,Torre-Pacheco,30708,Murcia
Olga Solé Agudo,20604792-N,olgasoleagudo@yahoo.com,688699165,9878865847,Acceso Salvador Cano 98 Puerta 1 ,Ponferrada,24411,León
Vasco Madrid Flor,72204061-T,vascomadridflor@gmail.com,772059373,9287895620,Calle de Severiano Bermudez 10 Apt. 80 ,Tinajo,35560,Las Palmas
Inmaculada Sola,31773493-M,inmaculadasola@hotmail.com,778429641,,Cañada de Amador Sedano 24,Riotorto,27745,Lugo
Matías Borrás Alemany,72295162-K,matiasborrasalemany@hotmail.com,763470155,955383530,Avenida Azahar Arjona 934,Sanlúcar la Mayor,41800,Sevilla
Godofredo Barrios Hernández,31916911-H,godofredobarrioshernandez@hotmail.com,656511879,9243496393,Calle de Estrella Ripoll 285,Martínez,05152,Ávila
Eduardo Gibert Guitart,19050703-X,eduardogibertguitart@gmail.com,769746969,,Camino Benito Cerdá 16 Apt. 53 ,Villanueva de Jiloca,50370,Zaragoza
Adelardo Trujillo,81642716-F,adelardotrujillo@hotmail.com,728981336,9787632897,Alameda Camilo Antúnez 8 Puerta 2 ,Teruel,44001,Teruel
Adolfo Benet Carnero,44000968-J,adolfobenetcarnero@hotmail.com,725830620,,C. de José Ángel Pacheco 954,Monachil,18196,Granada
Gabriela García Novoa,31229501-D,gabrielagarcianovoa@hotmail.com,625189365,,Alameda Fidela Prado 42 Apt. 79 ,Bande,32848,Ourense
Abigaíl Azorin-Belmonte,53121610-M,abigailazorinbelmonte@gmail.com,689432594,9220598268,Camino de Máxima Heredia 350 Puerta 6 ,Granadilla de Abona,38595,Sta. Cruz de Tenerife
Estrella del Heras,82211414-F,estrelladelheras@gmail.com,686449967,,Rambla Tecla Cáceres 79 Piso 4 ,Urdazubi/Urdax,31712,Nafarroa
Marcio Bonilla Portero,38162035-K,marciobonillaportero@gmail.com,735772137,9683153484,Glorieta Visitación Sánchez 43,Cehegín,30430,Murcia
Evangelina Montenegro Trujillo,94664428-Q,evangelinamontenegrotrujillo@yahoo.com,676793141,,Via Rubén Goñi 81 Apt. 19 ,Jaca,22850,Huesca
Montserrat Lerma Peiró,91375669-G,montserratlermapeiro@yahoo.com,683230764,917592061,Rambla de Jesús Fernández 668 Apt. 27 ,Villamanrique de Tajo,28598,Madrid
José Pina Llorens,51432571-V,josepinallorens@hotmail.com,751026514,916022773,Rambla Jenny Acosta 81 Piso 5 ,Aranjuez,28300,Madrid
Catalina Ros Reyes,46012134-J,catalinarosreyes@yahoo.com,760328799,,Vial de Ángela Rivas 60,Calamocha,44391,Teruel
Amarilis Tapia Báez,64489075-L,amarilistapiabaez@hotmail.com,616605823,,Ronda Marisa Llanos 275,Montblanc,43400,Tarragona
Fortunata Cuesta-Escolano,24843250-F,fortunatacuestaescolano@hotmail.com,736888432,,Rambla de Luis Miguel Cases 73 Piso 5 ,Hueva,19119,Guadalajara
Gabriela Amores Ruano,61974246-X,gabrielaamoresruano@hotmail.com,701607559,9792827673,Urbanización de Cristóbal Vidal 5 Puerta 7 ,Villerías de Campos,34305,Palencia
Vanesa Consuelo Leiva Solís,68336942-D,vanesaconsueloleivasolis@gmail.com,626715496,931324029,Paseo Emelina Nadal 52 Piso 0 ,Barcelona,08036,Barcelona
Jessica de Rodríguez,78071139-P,jessicaderodriguez@hotmail.com,639892168,,Cañada de Ruperto Amat 49,Conca de Dalt,25516,Lleida
Amando Llorente Arce,11889091-T,amandollorentearce@hotmail.com,661428388,9812332489,Avenida Maximino Saavedra 13 Piso 4 ,Lousame,15214,A Coruña
Lorena Gallart Heredia,81209342-E,lorenagallartheredia@hotmail.com,700447393,9582231695,Cuesta Palmira Fuertes 56 Piso 4 ,Loja,18360,Granada
Gilberto del Niño,77229837-T,gilbertodelnino@gmail.com,707489597,,Pasaje de Nando Fernandez 21,Arenas de San Pedro,05418,Ávila
Encarna Morell Bellido,67219907-S,encarnamorellbellido@yahoo.com,696393107,9799680673,Pasadizo de Guadalupe Carrillo 806,Villaluenga de la Vega,34112,Palencia
Macarena Martínez-Esteban,27735180-D,macarenamartinezesteban@gmail.com,635053345,,Pasadizo Lisandro Roda 80,Riós,32610,Ourense
Ildefonso Robles-Barberá,99779049-N,ildefonsoroblesbarbera@gmail.com,633791196,,Cañada Isa Carrillo 8,"Pola de Gordón, La",24670,León
Danilo Campoy Manjón,41301099-E,danilocampoymanjon@gmail.com,670633783,9800284878,Cuesta Ismael Bustamante 74,Fonfría,49511,Zamora
Inés Amador Antón,85370376-B,inesamadoranton@gmail.com,600031256,,Alameda Odalis Barros 58,Pardines,17534,Girona
Paca Palomino Prieto,94093827-E,pacapalominoprieto@gmail.com,733457920,9457697026,Via Celia Aparicio 3 Puerta 4 ,Berantevilla,01121,Álava
Ruperta Juliana Diaz Bayón,16122701-T,rupertajulianadiazbayon@gmail.com,622357480,9643159440,Avenida de Geraldo Blasco 34,Benicarló,12580,Castelló
Gervasio del Lluch,30973983-K,gervasiodellluch@yahoo.com,654077404,,Pasaje de Adora Barros 35 Puerta 3 ,Sanxenxo,36979,Pontevedra
Ariadna Valencia Barco,48130623-H,ariadnavalenciabarco@yahoo.com,796191577,9247087209,Camino Regina Palomares 11 Apt. 09 ,Poyales del Hoyo,05198,Ávila
Victoriano Moliner Martínez,17223516-N,victorianomolinermartinez@hotmail.com,710942704,9223695839,Rambla de Anunciación Velázquez 5 Apt. 98 ,"Orotava, La",38315,Sta. Cruz de Tenerife
Sandalio Wilfredo Rueda Velázquez,18723288-T,sandaliowilfredoruedavelazquez@yahoo.com,604474160,9420112441,Ronda Ariel Valverde 678,Castro-Urdiales,39780,Cantabria
Asdrubal Porras Vicente,90317997-X,asdrubalporrasvicente@gmail.com,794944458,,C. de Jose Manuel Donaire 274 Apt. 73 ,Orba,03791,Alacant
Valentina Suárez Olivé,81311684-Z,valentinasuarezolive@hotmail.com,790242874,965849532,Pasadizo de Emigdio Viñas 92 Apt. 31 ,Bicorp,46825,Valéncia
Demetrio del Baeza,90836594-A,demetriodelbaeza@gmail.com,776927839,,Camino de Hernán Román 3 Piso 6 ,Casas de Benítez,16707,Cuenca
Fermín Cueto Herrero,40071498-R,fermincuetoherrero@yahoo.com,687797391,9483724814,Urbanización de Nerea Correa 755 Piso 3 ,Liédena,31487,Nafarroa
Cecilia Pina Manjón,67796905-N,ceciliapinamanjon@gmail.com,722922006,,Cañada de Octavio Alberto 642 Piso 7 ,Campo de San Pedro,40553,Segovia
Eloísa Carreras Sevillano,57579158-S,eloisacarrerassevillano@gmail.com,628514886,,Callejón de Tito Cabañas 14,Porto do Son,15999,A Coruña
Raimundo Marcos,65037557-C,raimundomarcos@gmail.com,765883805,9453245403,Ronda Julián Arce 127,Zuia,01130,Álava
Luis Ángel Díaz Puga,56651027-A,luisangeldiazpuga@hotmail.com,641182340,9886510568,Urbanización Tamara Grande 1,"Merca, A",32838,Ourense
Florentino Nebot Jove,38738076-G,florentinonebotjove@yahoo.com,631772096,9732923917,Callejón Jacobo Camacho 27 Puerta 8 ,Albatàrrec,25171,Lleida
Inés Cano Ricart,73530022-B,inescanoricart@gmail.com,650573485,,Glorieta Manuelita Guijarro 76,San Cristóbal de La Laguna,38203,Sta. Cruz de Tenerife
José María Pou Valbuena,20662960-J,josemariapouvalbuena@gmail.com,675859547,,Urbanización de Marcelo Benito 8,Sanchonuño,40297,Segovia
Blanca Cifuentes Morcillo,78350234-K,blancacifuentesmorcillo@yahoo.com,626211883,,Calle Pepito Antúnez 371,Villazanzo de Valderaduey,24172,León
Elpidio Fiol Gelabert,84621279-R,elpidiofiolgelabert@hotmail.com,630903595,,Vial de Fabricio Cortina 78,San Cristovo de Cea,32136,Ourense
Poncio Polo Rodrigo,95336163-J,ponciopolorodrigo@gmail.com,713889793,9420080260,Ronda Carlito Bermejo 51 Puerta 6 ,Piélagos,39470,Cantabria
Rubén Aparicio Aliaga,89313242-X,rubenaparicioaliaga@yahoo.com,719139111,,Paseo Baudelio Sánchez 399,Tiurana,25791,Lleida
Sancho Solano Garrido,98578248-H,sanchosolanogarrido@yahoo.com,683314161,9888443281,Avenida de Agustina Francisco 24 Piso 0 ,San Xoán de Río,32770,Ourense
Jose Luis Barroso-Jara,87302644-A,joseluisbarrosojara@gmail.com,720443679,,Vial Chita Álamo 810,Santa Cecilia,09341,Burgos
Rico Rosario Bravo Puerta,28925625-C,ricorosariobravopuerta@hotmail.com,768425663,,Acceso Pascual Vila 3,Arahal,41600,Sevilla
Joaquina del Izquierdo,54291728-K,joaquinadelizquierdo@gmail.com,661064292,9472634943,Camino de Apolonia Estrada 62,Olmedillo de Roa,09311,Burgos
Severo de Elías,77075123-F,severodeelias@hotmail.com,626936569,,Ronda Adoración Vidal 88,Cabrerizos,37193,Salamanca
Esmeralda Franch Morera,87769417-Z,esmeraldafranchmorera@hotmail.com,687739463,986291517,Plaza de Blanca Elías 642 Puerta 5 ,Tineo,33870,Asturias
Conrado Victor Manuel Pozo Cornejo,80877031-S,conradovictormanuelpozocornejo@gmail.com,616296317,,Rambla Amador Artigas 86,Boiro,15991,A Coruña
Tadeo Bárcena Pastor,27002380-N,tadeobarcenapastor@hotmail.com,753437405,,Acceso de Nacio Verdugo 91 Puerta 6 ,Atzeneta del Maestrat,12133,Castelló
Virgilio Arana Alba,97647621-V,virgilioaranaalba@gmail.com,798861027,,Plaza Jenaro Ordóñez 5,Becerreá,27695,Lugo
Abilio de Vara,76548353-Y,abiliodevara@gmail.com,608227878,943542348,Glorieta de Rosendo Abellán 959 Puerta 7 ,Karrantza Harana/Valle de Carranza,48891,Bizkaia
Pancho de Lobato,55114066-V,panchodelobato@gmail.com,754455776,9802061027,Cañada Silvia Sotelo 68 Apt. 03 ,Fermoselle,49220,Zamora
Francisco Jose Calleja-Chaparro,38610484-Q,franciscojosecallejachaparro@hotmail.com,751358634,,C. de Fátima Neira 131 Apt. 15 ,Piloña,33534,Asturias
Nacio Casanovas-Anaya,67892713-W,naciocasanovasanaya@yahoo.com,646264859,9829387445,Cañada de Evita Ocaña 54 Piso 0 ,Lugo,27002,Lugo
Adelaida Tapia Plaza,67358860-W,adelaidatapiaplaza@yahoo.com,606300643,9869414180,Pasaje María José Oller 628,Baiona,36393,Pontevedra
Cecilia Valenzuela,45783276-M,ceciliavalenzuela@yahoo.com,672020320,,Callejón de Catalina Palma 9,Peraleda de San Román,10334,Cáceres
Olga del Mas,38166938-W,olgadelmas@gmail.com,625446820,9810067369,Callejón Ramiro Font 11 Apt. 98 ,San Sadurniño,15576,A Coruña
Antonio Antúnez Flores,44089898-W,antonioantunezflores@yahoo.com,769781957,,Rambla de Álvaro Pablo 46,Torre-Pacheco,30591,Murcia
Sonia Iriarte Gallardo,16431385-R,soniairiartegallardo@hotmail.com,734406339,9244818785,Paseo de Pili Portero 64 Puerta 3 ,Aceuchal,06207,Badajoz
Ana Bayón Francisco,36004804-Y,anabayonfrancisco@yahoo.com,711244161,,Acceso Marciano Acosta 56,Nava de Sotrobal,37850,Salamanca
Virgilio Suárez Manzanares,12282219-N,virgiliosuarezmanzanares@yahoo.com,740492986,9231447805,Via de Dominga Palau 97 Piso 1 ,Villares de la Reina,37184,Salamanca
Federico Solsona Mancebo,55092562-H,federicosolsonamancebo@gmail.com,748534458,9215864597,Urbanización Faustino Carbó 3 Apt. 40 ,Santiuste de Pedraza,40171,Segovia
Ángeles Olivera-Aragón,45734122-W,angelesoliveraaragon@hotmail.com,763613388,,Pasaje de Marc Carrión 55 Puerta 3 ,Madrid,28054,Madrid
Marianela Crespi Arce,81067428-H,marianelacrespiarce@gmail.com,635282404,,Cuesta de Elodia Izquierdo 40 Apt. 70 ,Bareyo,39170,Cantabria
Aristides Arroyo Ibáñez,74065039-W,aristidesarroyoibanez@gmail.com,772927818,9762341205,Glorieta Salomón Perea 971,Aguarón,50408,Zaragoza
María José Barroso Sáenz,83661261-A,mariajosebarrososaenz@yahoo.com,708537955,964612639,Glorieta Ambrosio Gómez 30,Senyera,46669,Valéncia
Sergio Castrillo Ballester,47704472-B,sergiocastrilloballester@gmail.com,782473035,,Pasaje Bartolomé Rincón 28,Valdevimbre,24230,León
Ruperta Saez Rovira,42905543-D,rupertasaezrovira@yahoo.com,611952564,9227528688,Calle de Armida Prat 91,Tegueste,38280,Sta. Cruz de Tenerife
Rodolfo Malo Arévalo,88853345-K,rodolfomaloarevalo@yahoo.com,613952890,,Calle Eutimio Paredes 54,Torre de Juan Abad,13344,Ciudad Real
Carmelo Iglesia Esparza,42520031-T,carmeloiglesiaesparza@hotmail.com,659591324,9429078821,Camino de Juan Pablo Almansa 9 Puerta 3 ,Rionansa,39553,Cantabria
Benita Estévez,69135529-J,benitaestevez@gmail.com,732350755,,Avenida de Mar Falcó 5,Jerez de la Frontera,11400,Cádiz
Ana Espinosa-Rodriguez,62595331-A,anaespinosarodriguez@yahoo.com,728785692,9649561352,C. de Gastón Palmer 90 Apt. 01 ,San Rafael del Río,12510,Castelló
Jimena Pastor Fajardo,39933875-X,jimenapastorfajardo@gmail.com,725803497,9537283657,Ronda de Duilio Alonso 8 Apt. 21 ,Fuerte del Rey,23180,Jaén
Rosa María Sosa Delgado,14335848-V,rosamariasosadelgado@hotmail.com,731778830,933582523,Glorieta de Tadeo Gual 26,Santa Coloma de Gramenet,08924,Barcelona
Ciriaco Loreto Alvarez Bustamante,32895918-F,ciriacoloretoalvarezbustamante@hotmail.com,678978955,9768746837,Camino de Maura Mateos 97,Pinseque,50298,Zaragoza
Domingo Quintanilla Rincón,82603190-R,domingoquintanillarincon@yahoo.com,788547243,983419300,Paseo Olalla Conesa 58,Siero,33199,Asturias
Paca Cuervo Otero,52315788-B,pacacuervootero@gmail.com,762755283,,C. de Jafet Hervás 779,Torres de Albánchez,23391,Jaén
Javi Coronado Hervás,73337736-M,javicoronadohervas@hotmail.com,744758562,,Rambla Graciano Comas 197,Donostia/San Sebastián,20010,Gipuzkoa
Florencia Torrens Reguera,69854256-J,florenciatorrensreguera@hotmail.com,601952028,9873462660,Calle Fulgencio Echevarría 34 Puerta 8 ,Santas Martas,24330,León
Ruy Pardo Alberdi,55723626-P,ruypardoalberdi@yahoo.com,740553484,9872476182,Ronda Salomón Otero 50 Puerta 6 ,Boñar,24858,León
Bibiana Carmelita Mulet Villalobos,81336775-N,bibianacarmelitamuletvillalobos@hotmail.com,796011592,,Avenida José Ángel Murillo 89 Piso 1 ,Ribas de Sil,27310,Lugo
Luz de Bonet,96403179-J,luzdebonet@gmail.com,710978092,,Paseo de Sandra Barceló 48 Puerta 5 ,Ribesalbes,12210,Castelló
Maxi Maestre Priego,17386248-L,maximaestrepriego@hotmail.com,785265166,934840945,Avenida de Moisés Nuñez 59,Sant Guim de Freixenet,08289,Barcelona
Sebastián Ortega Rodríguez,51154686-H,sebastianortegarodriguez@gmail.com,705368796,944815479,Callejón de Iker Aguiló 28 Puerta 1 ,Bilbao,48002,Bizkaia
Nazaret Checa Arellano,75303467-H,nazaretchecaarellano@gmail.com,683819983,9802164483,Glorieta Abilio Calzada 508 Puerta 6 ,Zamora,49014,Zamora
Gilberto Ruiz-Pera,41845085-N,gilbertoruizpera@yahoo.com,679417046,,Vial Delfina Morell 78 Piso 0 ,Erandio,48950,Bizkaia
Jordán de Sebastián,50970040-Q,jordandesebastian@yahoo.com,603600320,9875980002,Ronda de José Ángel Lobo 8 Piso 8 ,Murias de Paredes,24135,León
Moreno Fabricio Sales Acedo,87474610-K,morenofabriciosalesacedo@gmail.com,681186625,,Acceso de Cloe Villa 288,San Sadurniño,15580,A Coruña
Maricela de Noriega,67540818-F,mariceladenoriega@gmail.com,737888573,,Camino de Isidoro Araujo 965 Apt. 96 ,Valga,36645,Pontevedra
Martirio Gutierrez Barros,64465173-Z,martiriogutierrezbarros@hotmail.com,673162731,9763439238,Vial Francisco Javier Ruiz 53 Apt. 54 ,Alberite de San Juan,50529,Zaragoza
Rosalva Fonseca Amorós,82372987-M,rosalvafonsecaamoros@hotmail.com,695232720,9730974760,Vial Fernando Bastida 13,Ciutadilla,25341,Lleida
Bárbara del Murillo,87694377-T,barbaradelmurillo@hotmail.com,638321922,9863160978,Pasadizo Fabiana Fajardo 20 Piso 9 ,"Porriño, O",36475,Pontevedra
Milagros Isidora Parra Meléndez,11747871-T,milagrosisidoraparramelendez@gmail.com,644304007,9790455160,C. Rico Morcillo 16,Pomar de Valdivia,34813,Palencia
Nico Marín Lucas,20636881-Q,nicomarinlucas@gmail.com,612901382,,Vial Gaspar Llopis 3,Quijorna,28693,Madrid
Dimas Villalobos Almeida,17837624-C,dimasvillalobosalmeida@gmail.com,703353547,,Alameda Victorino Torrent 87,Salas,33891,Asturias
Samuel Ramirez Figueras,87059388-H,samuelramirezfigueras@hotmail.com,756063545,,Vial Graciano Castells 77,Roda de Berà,43883,Tarragona
Omar Ortuño Hoyos,42405615-D,omarortunohoyos@hotmail.com,767280102,,Pasaje Diego Marín 88 Puerta 4 ,Begonte,27370,Lugo
Ismael Gras Carrillo,37795750-B,ismaelgrascarrillo@yahoo.com,785993946,9414859817,Callejón de Elías Mancebo 50 Puerta 5 ,Cenicero,26350,La Rioja
Sigfrido Gimeno Gracia,72293392-E,sigfridogimenogracia@yahoo.com,646813751,9419695435,Calle Donato Gil 25,Alesanco,26324,La Rioja
Fátima Martinez-Cánovas,53316428-J,fatimamartinezcanovas@gmail.com,726557120,9866437857,Cañada Nicanor Navarro 46 Piso 8 ,Vilanova de Arousa,36628,Pontevedra
Moreno Pulido Pagès,84186599-K,morenopulidopages@gmail.com,794726453,985076041,Rambla Begoña Villena 64,Llanera,33426,Asturias
René del Frías,99889699-D,renedelfrias@yahoo.com,724860928,9240953845,Cañada de Amparo Olmedo 699 Piso 1 ,Esparragalejo,06860,Badajoz
Ascensión Pintor Bárcena,16799710-G,ascensionpintorbarcena@hotmail.com,770257442,9648120330,Plaza Francisco Jose Calderon 749 Apt. 46 ,"Toro, El",12429,Castelló
Guiomar Cadenas Torres,21091433-L,guiomarcadenastorres@yahoo.com,605113988,9412362724,Callejón de Aitana Morell 32,Nestares,26110,La Rioja
Fulgencio Quirós Agustín,13429324-S,fulgencioquirosagustin@gmail.com,793362960,,Calle de Azahara Medina 3,Villardefrades,47860,Valladolid
Cecilia Mayo Puente,98160983-L,ceciliamayopuente@gmail.com,675393580,,Cuesta de Desiderio Peláez 599,Brahojos de Medina,47461,Valladolid
Nicanor Lupe Montero Ruano,66748561-P,nicanorlupemonteroruano@gmail.com,720029945,9740020604,Vial de Yago Bosch 69,Senés de Alcubierre,22253,Huesca
Celestino Villegas-Chamorro,80719998-A,celestinovillegaschamorro@hotmail.com,694757542,,Cañada de Reyna Adán 6 Puerta 7 ,Torrubia del Castillo,16739,Cuenca
Saturnino Muro Villalba,60102631-C,saturninomurovillalba@gmail.com,786055361,,Avenida de Otilia Adadia 1,Sant Pol de Mar,08395,Barcelona
Ignacio Mateu Caparrós,19606745-G,ignaciomateucaparros@gmail.com,774885320,,Calle de Mireia Acosta 6,Magaz de Cepeda,24397,León
Maura Quintana Barragán,53610276-J,mauraquintanabarragan@gmail.com,767079366,9475650606,Pasaje de Asdrubal Saez 7,San Adrián de Juarros,09198,Burgos
Belén Dulce Gallart Saldaña,19426822-X,belendulcegallartsaldana@hotmail.com,661189978,,Pasaje de Jose Miguel Bustos 33,Aller,33584,Asturias
Encarnacion Viana Viana,43354010-E,encarnacionvianaviana@gmail.com,700611191,9265666349,Pasaje de Aureliano Otero 9,Calzada de Calatrava,13739,Ciudad Real
Ruperto Catalán Sosa,36045981-J,rupertocatalansosa@hotmail.com,720862412,9828954711,Paseo de Raúl Gargallo 61,"Pobra do Brollón, A",27334,Lugo
Patricia Menendez-Patiño,73686215-B,patriciamenendezpatino@yahoo.com,787638626,9728837147,Cañada Antonia Pont 39,Alp,17537,Girona
Marisela Farré Alonso,88306567-E,mariselafarrealonso@hotmail.com,788257487,,Pasaje Fabiola Pujol 46,Lagata,50134,Zaragoza
Teodora Coral Guzmán Adadia,35134903-B,teodoracoralguzmanadadia@hotmail.com,603683841,9219971686,Rambla de Custodia Zabala 61,Ayllón,40594,Segovia
Lidia Candelaria Río Cabezas,21463817-X,lidiacandelariariocabezas@hotmail.com,734514214,,Vial de Che Avilés 59,Socovos,02435,Albacete
Carlota Parejo Cases,39516550-C,carlotaparejocases@gmail.com,631814019,932615259,Via Trinidad Piñeiro 25,Vallbona d'Anoia,08785,Barcelona
Teodosio Álvaro Grande,43425338-G,teodosioalvarogrande@hotmail.com,681171437,9877425454,Rambla de Nacio Pagès 96 Apt. 75 ,Villazanzo de Valderaduey,24327,León
Amaya del Mata,22045824-W,amayadelmata@gmail.com,644299279,,C. Corona Garzón 51,Calders,08275,Barcelona
Jose Angel Montes Huguet,55664830-T,joseangelmonteshuguet@yahoo.com,772880622,9803005528,Cuesta Rocío Mercader 3 Puerta 4 ,Villardeciervos,49562,Zamora
Elba Riera Soto,63941076-H,elbarierasoto@hotmail.com,655352344,9212870871,Acceso de Buenaventura Fuentes 771,Santa María la Real de Nieva,40440,Segovia
Maximiano Vilanova-Maldonado,79008001-B,maximianovilanovamaldonado@gmail.com,698388867,,Ronda Paola Perales 820 Apt. 85 ,Gijón,33394,Asturias
Clemente Lladó Tudela,32513295-N,clementelladotudela@yahoo.com,744237922,9678953401,Paseo Malena Falcó 4,Pozo Cañada,02510,Albacete
Ileana Lara Alegria,16898587-G,ileanalaraalegria@gmail.com,732314007,,Pasadizo de Fabricio Madrid 3 Apt. 53 ,Alfoz,27775,Lugo
José Antonio Cerdán-Ordóñez,65312625-P,joseantoniocerdanordonez@yahoo.com,629707368,,Rambla Atilio Royo 43 Piso 4 ,Vilamartín de Valdeorras,32348,Ourense
Lalo Bello Castillo,31312482-Y,lalobellocastillo@hotmail.com,623663121,967097583,Plaza Tristán Mosquera 31 Apt. 80 ,Rafelguaraf,46666,Valéncia
Imelda Alvarado Pombo,96252628-C,imeldaalvaradopombo@yahoo.com,741608542,987303056,Urbanización de Coral Alcázar 40,Gijón,33697,Asturias
Nélida Angulo Plana,31647077-C,nelidaanguloplana@gmail.com,770090751,9216457416,Via Isabel Lledó 89,Coca,40480,Segovia
Ángela Almagro Vilalta,47769603-Y,angelaalmagrovilalta@gmail.com,630424948,9821215833,Alameda Salomé Castelló 66,Bóveda,27343,Lugo
Kike Julián Solé,95983052-G,kikejuliansole@gmail.com,660605842,,C. Beatriz Villegas 66,Santa Fe,18329,Granada
Tere Rivas Carrión,32694942-M,tererivascarrion@gmail.com,771798448,968072108,Callejón Manu Medina 340 Puerta 2 ,"Real de Gandia, el",46727,Valéncia
Liliana Seco Noguera,16842519-X,lilianaseconoguera@yahoo.com,683300146,,Callejón Rafaela Olmo 40,Becerreá,27678,Lugo
Olivia Tamarit Cabrera,89520722-F,oliviatamaritcabrera@gmail.com,664960705,9716360759,Camino Vinicio Landa 62,Palma de Mallorca,07198,Illes Balears
Rebeca Robles-Martí,95982682-W,rebecaroblesmarti@yahoo.com,747592449,,Avenida de Sonia Casas 651,"Coruña, A",15010,A Coruña
Sandra Landa Alonso,34148996-E,sandralandaalonso@gmail.com,752568679,9201376707,Rambla de Jorge Coca 68 Piso 6 ,Vícar,04738,Almería
Evangelina del Lorenzo,90294072-M,evangelinadellorenzo@yahoo.com,660841291,,Acceso Mónica Arrieta 59 Apt. 46 ,Castell de Castells,03793,Alacant
Jeremías Gisbert Zurita,66065286-V,jeremiasgisbertzurita@yahoo.com,794803396,,Acceso Luis Ángel Hoz 58,Oviedo,33011,Asturias
Evaristo Morales Canales,48229789-P,evaristomoralescanales@hotmail.com,660742156,9752194688,Callejón de Sergio Hidalgo 825,Soria,42001,Soria
Luisa Vallés-Mercader,83891077-A,luisavallesmercader@hotmail.com,619007643,9248167492,Camino Anastasia Losa 49 Piso 1 ,Navahondilla,05429,Ávila
Eligio Peña González,33645774-V,eligiopenagonzalez@yahoo.com,646944044,,Pasadizo Marcial Benavent 60,Villanueva de Perales,28609,Madrid
Cintia Vigil,59504015-W,cintiavigil@yahoo.com,798115135,,Rambla de Santiago Echeverría 58 Puerta 6 ,Ugíjar,18480,Granada
Rocío de Ruano,97351470-Z,rocioderuano@hotmail.com,706464235,9243252872,Urbanización Loreto Piñeiro 27 Apt. 06 ,Ávila,05003,Ávila
Ainoa Sierra Puente,97328792-Z,ainoasierrapuente@yahoo.com,624103124,9204860659,Vial Lidia Seguí 2,Oria,04811,Almería
Águeda del Alonso,27269751-P,aguedadelalonso@yahoo.com,788813700,9814278939,C. Prudencio Lago 3 Piso 9 ,Miño,15630,A Coruña
Pepe Rius Fabregat,17399172-V,peperiusfabregat@hotmail.com,667007460,9591356591,C. Áurea Montenegro 94,Chucena,21891,Huelva
Inmaculada Ferreras,35391439-M,inmaculadaferreras@yahoo.com,635348049,,Cañada Eufemia Cepeda 40 Puerta 7 ,Ciruelos,45314,Toledo
Claudia Cánovas,15211795-D,claudiacanovas@gmail.com,729993287,9508658887,Paseo de Corona Vera 48 Puerta 5 ,Alicante/Alacant,03008,Alacant
Benita Diego Prado,59488733-S,benitadiegoprado@gmail.com,646043527,,C. Xiomara Llorens 1 Apt. 52 ,"Palmas de Gran Canaria, Las",35008,Las Palmas
Agustín Eloy Lopez Jódar,91517741-M,agustineloylopezjodar@yahoo.com,686339082,9412136513,Vial Asunción Mate 56,Azofra,26323,La Rioja
Marcia Solé Cerdán,30925371-P,marciasolecerdan@hotmail.com,600538082,913580941,Avenida Anunciación Ibáñez 1 Apt. 46 ,San Sebastián de los Reyes,28708,Madrid
Águeda Benavente Clavero,82425723-W,aguedabenaventeclavero@gmail.com,785283002,,Glorieta Elba Gaya 13 Puerta 7 ,Redondela,36815,Pontevedra
Clarisa de Amorós,33827245-H,clarisadeamoros@hotmail.com,654238203,9697252412,Camino de Felix Benet 8,"Pedroñeras, Las",16660,Cuenca
Nadia Rocío Berenguer Llorente,48765009-H,nadiarocioberenguerllorente@hotmail.com,642634271,,Ronda de Edgardo Juan 56 Apt. 72 ,Brazuelo,24714,León
Chuy Escamilla,84445946-C,chuyescamilla@gmail.com,763130359,,Via Custodio Haro 4,Càlig,12589,Castelló
Abril Cortina Orozco,58925224-Y,abrilcortinaorozco@gmail.com,619957140,,Ronda Nidia Capdevila 312 Puerta 5 ,Mozoncillo,40250,Segovia
Nieves América Macias Balaguer,43360239-H,nievesamericamaciasbalaguer@hotmail.com,772676499,,Cuesta de Carlito Gil 35,Barcelona,08023,Barcelona
Nilo Puig Guerrero,20839753-M,nilopuigguerrero@yahoo.com,698116669,,Alameda Loreto Malo 698 Puerta 6 ,Cabrera de Mar,08349,Barcelona
Américo Pons Marín,27943787-Y,americoponsmarin@hotmail.com,713093602,,Via Rocío Manjón 36 Apt. 99 ,Rebollosa de Jadraque,19245,Guadalajara
María Perez Sanjuan,84673353-A,mariaperezsanjuan@hotmail.com,628813254,9254838521,Rambla Sabina Moles 6,Toledo,45003,Toledo
Loreto Duarte Giner,51555554-L,loretoduarteginer@gmail.com,606872581,,Acceso Balduino Andrés 652,Camarenilla,45181,Toledo
Julie Córdoba Franco,55321577-E,juliecordobafranco@yahoo.com,660801801,,Via de Miguel Ángel Salgado 45 Puerta 3 ,Porto do Son,15994,A Coruña
Aitor Sarabia Posada,29220899-C,aitorsarabiaposada@gmail.com,732944521,,Via Guadalupe Plaza 18,Santanyí,07760,Illes Balears
Marcos del Arroyo,75349144-V,marcosdelarroyo@hotmail.com,684418052,9474203221,Vial Bernardino Gárate 510,Bozoó,09214,Burgos
Josep Noguera-Borrell,89342965-V,josepnogueraborrell@hotmail.com,608259658,9423081560,Urbanización José Luis Conde 64,Hazas de Cesto,39739,Cantabria
Anastasia Gutierrez-Briones,79657281-R,anastasiagutierrezbriones@hotmail.com,704906439,948347773,Paseo de Raúl Castell 79,Arrankudiaga,48498,Bizkaia
Brunilda Valbuena Pont,30165695-E,brunildavalbuenapont@yahoo.com,703184904,9539302313,Callejón de Jose Ignacio Jiménez 31 Apt. 24 ,Larva,23591,Jaén
Emigdio Aparicio Elías,17565257-L,emigdioaparicioelias@yahoo.com,787321076,,C. de Mayte Valcárcel 137 Apt. 14 ,Alameda,29530,Málaga
Vanesa Ferrando Noguera,38264551-A,vanesaferrandonoguera@gmail.com,655146492,9829020849,Calle Lidia Laguna 82,Abadín,27738,Lugo
Horacio del Guzmán,88868937-L,horaciodelguzman@hotmail.com,604102649,9685417909,Plaza de Cristina Baños 2 Puerta 3 ,Cartagena,30366,Murcia
Maximino Fabregat-Perales,71523435-J,maximinofabregatperales@gmail.com,670505523,951483620,Alameda Amado Frías 628 Piso 7 ,Vélez-Málaga,29751,Málaga
Juan Antonio Olmo Lobato,86449908-S,juanantonioolmolobato@hotmail.com,724118471,9809658446,Callejón Belen Parra 53,Zamora,49193,Zamora
Natalia Anselma Mate Amat,64443134-D,nataliaanselmamateamat@yahoo.com,708212704,9861911106,Callejón de Baltasar Noriega 570,Moaña,36950,Pontevedra
Raúl Villa Gallart,32984551-K,raulvillagallart@yahoo.com,618011854,,Avenida de Lupita Vega 45 Apt. 61 ,Alpedrete,28430,Madrid
Lope Sola Ferrando,98856525-H,lopesolaferrando@yahoo.com,687287813,9814354925,Paseo de Salud Ojeda 760 Apt. 32 ,Rois,15913,A Coruña
Alexandra Calvo Pera,95106237-H,alexandracalvopera@hotmail.com,658511062,9647618399,Camino de Sarita Echeverría 85 Apt. 11 ,Castellón de la Plana/Castelló de la Plana,12001,Castelló
Emiliana Aguilar Esparza,58492700-C,emilianaaguilaresparza@gmail.com,704775504,,Camino Zaira Coronado 174 Piso 4 ,Mendaro,20850,Gipuzkoa
Paco del Escamilla,65596778-L,pacodelescamilla@hotmail.com,758757998,,Cañada de Marcelino Valero 29,Améscoa Baja,31272,Nafarroa
Marisela Grau-Bernad,22447515-K,mariselagraubernad@yahoo.com,609085703,953259075,Avenida Lorena Villena 75 Puerta 6 ,Cuevas del Becerro,29470,Málaga
Omar Barco,28941012-C,omarbarco@gmail.com,691722928,9789857207,Vial de Cleto Cordero 16,Castel de Cabra,44706,Teruel
Irene Herranz Pedro,37761149-W,ireneherranzpedro@gmail.com,795653072,9286964892,Paseo de Isabel Medina 66 Puerta 4 ,San Bartolomé de Tirajana,35128,Las Palmas
Macario Clavero,42774026-Y,macarioclavero@yahoo.com,722841580,9690371909,C. Cristina Rey 406 Piso 6 ,Valdemorillo de la Sierra,16340,Cuenca
Adriana Bueno,48614134-T,adrianabueno@gmail.com,675772407,983307156,Pasaje Fabiola Arroyo 68 Apt. 87 ,Llanera,33428,Asturias
Nico Izaguirre-Gomila,95731679-K,nicoizaguirregomila@gmail.com,712109109,9889652430,Vial Edu Cobo 2,"Bolo, O",32372,Ourense
Ariadna Vallés-Infante,72169334-A,ariadnavallesinfante@gmail.com,658735609,,Calle Marc Villena 6 Puerta 7 ,Nuño Gómez,45644,Toledo
Fátima Gaya Calzada,31060958-X,fatimagayacalzada@gmail.com,668121092,9762520713,Avenida Felipe Cámara 275 Piso 2 ,Alagón,50630,Zaragoza
Ágata Palacios Fábregas,50347779-C,agatapalaciosfabregas@yahoo.com,670677971,9860827967,Urbanización de Paulino Franco 64,Salvaterra de Miño,36455,Pontevedra
Anabel Quesada Fuente,17439145-Q,anabelquesadafuente@gmail.com,673821840,,C. Adalberto Múgica 27 Piso 0 ,Alfoz de Quintanadueñas,09131,Burgos
Cosme Garzón,41897494-G,cosmegarzon@yahoo.com,741466728,9238129993,Cañada de Feliciano Diez 39 Piso 5 ,Serradilla del Llano,37530,Salamanca
Ángel Arco Campo,25058270-T,angelarcocampo@hotmail.com,615306962,9832315671,Plaza Adoración Iglesias 86,Viloria,47166,Valladolid
Isidoro Becerra Codina,17599484-E,isidorobecerracodina@gmail.com,607617348,9874628779,Alameda Eulalia Izaguirre 33,Villablino,24113,León
Lorena Vargas Amigó,42047267-R,lorenavargasamigo@yahoo.com,692179550,9539341697,Urbanización de Toni Royo 47 Apt. 08 ,Santiago-Pontones,23291,Jaén
Hilario Asensio Aguilera,29937851-Q,hilarioasensioaguilera@yahoo.com,645393715,9733593283,Plaza Andrea Expósito 5,Bausen,25549,Lleida
Rosendo Sanchez Adán,24378830-A,rosendosanchezadan@hotmail.com,676676085,,Via de Odalis Marquez 93 Piso 1 ,Bellcaire d'Urgell,25337,Lleida
Rosalía Alba Ordóñez,92419856-Z,rosaliaalbaordonez@gmail.com,607192696,,Calle de Javiera Cobos 58 Apt. 34 ,"Estrada, A",36658,Pontevedra
Jose Luis Vilaplana Roma,82223806-W,joseluisvilaplanaroma@gmail.com,794159752,9426264149,Urbanización Jacinto Osuna 69 Puerta 8 ,Santander,39004,Cantabria
Carolina Diana Cano Bravo,49816182-E,carolinadianacanobravo@hotmail.com,699944622,,Cañada de Felix Prado 8 Apt. 16 ,Vilanova de Segrià,25133,Lleida
Ale Jordá Manzanares,15579732-S,alejordamanzanares@hotmail.com,634122852,,Pasadizo Dora Prats 11 Apt. 50 ,Rossell,12512,Castelló
Beatriz Barranco Agustín,72072264-Q,beatrizbarrancoagustin@gmail.com,701805485,,Pasaje Telmo Aguado 42 Puerta 7 ,Santiago de Compostela,15890,A Coruña
Lalo de Castell,92551924-Q,lalodecastell@yahoo.com,673708816,9245183605,Paseo de María Del Carmen Amat 467,Llerena,06900,Badajoz
Eli del Querol,23501053-K,elidelquerol@yahoo.com,693054281,,Glorieta Celestina Feijoo 40 Apt. 10 ,Meira,27241,Lugo
Danilo del Castell,67899885-K,danilodelcastell@yahoo.com,753121931,,Acceso Jaime Tomás 99 Apt. 99 ,Gérgal,04550,Almería
Noa Vives Feliu,12526086-X,noavivesfeliu@yahoo.com,736649663,9825429822,Cañada de Sancho Noriega 81 Piso 2 ,Xove,27878,Lugo
Rosendo Diego Neira,21306018-Z,rosendodiegoneira@yahoo.com,753167133,,Cuesta de Geraldo Perea 62,Alaraz,37312,Salamanca
Aristides Benjamín Ferreras Montes,31681650-R,aristidesbenjaminferrerasmontes@hotmail.com,710985910,,Callejón Ariel Alba 700 Piso 6 ,Alborache,46369,Valéncia
Anselmo de Rico,67099185-C,anselmoderico@gmail.com,601474816,9213924800,Calle Jose Carlos Padilla 73 Puerta 9 ,Espirdo,40191,Segovia
Visitación Palau,54606652-Y,visitacionpalau@hotmail.com,694856434,,Callejón de Angelita Fuentes 13,Fernán-Núñez,14520,Córdoba
Amando Rubén Vázquez Martí,29502337-F,amandorubenvazquezmarti@yahoo.com,735934292,,Cañada Mariana Ávila 27,Facheca,03813,Alacant
Marcos Amaya Arnaiz,29586810-R,marcosamayaarnaiz@hotmail.com,625240394,,Ronda de Crescencia Casanova 92,Moneva,50144,Zaragoza
Visitación Galindo Badía,12626642-X,visitaciongalindobadia@gmail.com,684935691,,Avenida Manola Oliveras 97,Cuenca,16003,Cuenca
Ani Etelvina Donoso Escolano,53157181-H,anietelvinadonosoescolano@gmail.com,609572282,9740846729,Rambla de Jennifer Artigas 62,Laspaúles,22472,Huesca
Herminia Bertrán Espada,18805159-Z,herminiabertranespada@gmail.com,699107934,,Alameda Leocadio Llanos 371,Liédena,31487,Nafarroa
Herberto Vera Vizcaíno,94259566-T,herbertoveravizcaino@yahoo.com,662306825,9429185474,Alameda Manola Cáceres 19,Santa María de Cayón,39694,Cantabria
Pepito Vives Godoy,27794154-B,pepitovivesgodoy@hotmail.com,678260141,,Calle Mauricio Zorrilla 30,Poveda de la Sierra,19463,Guadalajara
Vasco Carrera Bilbao,35366167-X,vascocarrerabilbao@gmail.com,766318779,9235648294,Pasaje de Saturnina Pelayo 56 Puerta 2 ,Vilvestre,37258,Salamanca
Vanesa Sancho-Barrena,23490828-P,vanesasanchobarrena@hotmail.com,610727912,9204488099,Camino de Raimundo Mateos 35 Apt. 03 ,"Gallardos, Los",04288,Almería
Viviana de Morata,75952125-F,vivianademorata@hotmail.com,619481922,9416563744,Camino de Jordana Santamaría 8,Anguciana,26210,La Rioja
Ámbar Alemán,59966625-J,ambaraleman@gmail.com,635199368,,Alameda de Trinidad Botella 2 Apt. 51 ,San Esteban de los Patos,05289,Ávila
Sancho Codina,93312092-B,sanchocodina@gmail.com,740525717,,Calle Jose Ignacio Cifuentes 5,"Corgo, O",27162,Lugo
Anunciación Barral Calderon,25262002-K,anunciacionbarralcalderon@yahoo.com,692851707,,Rambla de Telmo Ayuso 85 Piso 4 ,Mahora,02240,Albacete
Pepe Rius Mayoral,15691153-R,peperiusmayoral@yahoo.com,611642815,,Via de Loreto Jerez 8,Fuentespreadas,49714,Zamora
Carlos Mínguez Artigas,95070754-R,carlosminguezartigas@hotmail.com,632419761,9230915188,Avenida de José Ángel Blanca 16 Piso 5 ,Villar de Gallimazo,37320,Salamanca
Jose Ignacio Blanca Solera,59133231-R,joseignacioblancasolera@hotmail.com,654977947,,Urbanización Lara Blanca 6 Puerta 7 ,Santa Eufemia del Barco,49161,Zamora
Lorenza de Batalla,65751578-Y,lorenzadebatalla@gmail.com,765854287,9498772203,Avenida de Paola Prieto 5 Apt. 61 ,Alcocer,19125,Guadalajara
Clemente Suarez Quirós,84643267-R,clementesuarezquiros@yahoo.com,623194436,9860883894,Avenida Pilar Pacheco 64 Piso 0 ,Ponteareas,36860,Pontevedra
Eric Amador Céspedes Ibañez,94002431-M,ericamadorcespedesibanez@gmail.com,775192464,,Pasadizo Arcelia Ferrández 49 Puerta 7 ,"Solana, La",13240,Ciudad Real
Enrique Vera Valbuena,29549225-K,enriqueveravalbuena@gmail.com,690742145,,Pasaje de Eloísa Álvaro 79 Apt. 87 ,"Vid de Ojeda, La",34485,Palencia
Tere Crespo Parejo,28773794-N,terecrespoparejo@yahoo.com,736851824,,Glorieta Espiridión Vendrell 495,Bliecos,42128,Soria
Lupe Pérez Girón,77760216-E,lupeperezgiron@yahoo.com,740966880,,Paseo Florentina Casals 516 Apt. 37 ,Farlete,50163,Zaragoza
Azucena Arrieta Duarte,83875115-A,azucenaarrietaduarte@yahoo.com,647022367,,Urbanización de Sandalio Garay 50,San Felices de Buelna,39409,Cantabria
Primitivo Pinilla Sosa,47816319-D,primitivopinillasosa@hotmail.com,705424916,,C. Rómulo Pomares 84,Vilalba,27830,Lugo
Evaristo Simó,12198490-A,evaristosimo@gmail.com,799614797,,Cañada de Liliana Cruz 30,Parada de Sil,32747,Ourense
Modesto Gonzalez Redondo,64764126-J,modestogonzalezredondo@gmail.com,623756606,9416117476,Vial Albino Durán 23 Apt. 35 ,Mansilla de la Sierra,26329,La Rioja
María Luisa Juárez Sainz,94792896-Y,marialuisajuarezsainz@yahoo.com,735520587,9873889824,Cuesta Socorro Asenjo 1,Igüeña,24377,León
Glauco Hidalgo,68476036-E,glaucohidalgo@yahoo.com,689208230,9837562864,Camino Febe Fuster 25 Apt. 76 ,"Parrilla, La",47328,Valladolid
Estefanía Álvaro Pedraza,34020363-M,estefaniaalvaropedraza@gmail.com,788989126,,Ronda Severiano Medina 4 Piso 3 ,Alcalá la Real,23680,Jaén
Simón Coello,35916577-F,simoncoello@hotmail.com,712882973,9800319007,Cañada de Cosme Amorós 694,Fonfría,49513,Zamora
Graciela Gallart Chico,91888673-Q,gracielagallartchico@yahoo.com,778842895,,Via de Loreto Torre 13,Karrantza Harana/Valle de Carranza,48890,Bizkaia
Rita Boada Ochoa,46143917-Y,ritaboadaochoa@yahoo.com,709496983,9470318343,Plaza Mar Pulido 7,Burgos,09006,Burgos
Pascual Lara,85487261-X,pascuallara@gmail.com,622813395,9451728709,Pasaje Manuel Bayo 8,Bernedo,01194,Álava
Prudencio Pereira-Rivera,59396471-Y,prudenciopereirarivera@yahoo.com,746729399,,Cuesta Urbano Cepeda 32,Cañizares,16890,Cuenca
María Dolores Merino-Revilla,67612847-T,mariadoloresmerinorevilla@yahoo.com,701999973,969576868,Callejón de Borja Villaverde 724 Puerta 2 ,Alfara del Patriarca,46115,Valéncia
Adora Araceli Arana Polo,15927530-F,adoraaraceliaranapolo@hotmail.com,732906877,9262799403,Cuesta de Martín Tello 34 Piso 9 ,Mestanza,13594,Ciudad Real
Gabino Monreal Márquez,91353965-N,gabinomonrealmarquez@hotmail.com,731101890,,Avenida Jose Manuel Plaza 519,"Floresta, La",25413,Lleida
Tiburcio Pombo Izaguirre,18493913-G,tiburciopomboizaguirre@hotmail.com,685164780,,Paseo Ascensión Bravo 9 Piso 0 ,Carnota,15293,A Coruña
Valerio Gonzalo Planas,68471221-Z,valeriogonzaloplanas@gmail.com,700180431,917030525,Vial de Gil Mendizábal 668,Ambite,28580,Madrid
Emperatriz Sáez Alberto,83348938-C,emperatrizsaezalberto@hotmail.com,750157929,9699502165,Ronda Consuela Lamas 699 Puerta 0 ,Buenache de Alarcón,16114,Cuenca
Ximena Manu Cózar Casanova,34968627-W,ximenamanucozarcasanova@hotmail.com,773815064,,Via de Glauco Donoso 17 Puerta 0 ,Alfondeguilla,12609,Castelló
Severino Batalla-Gallo,76974750-Y,severinobatallagallo@yahoo.com,708380836,9283921554,Calle Amílcar Carretero 4 Piso 4 ,Arucas,35415,Las Palmas
Pascuala Diaz Plana,20411447-M,pascualadiazplana@hotmail.com,690230709,9800588991,Cuesta Marita Echeverría 71 Apt. 48 ,Trefacio,49359,Zamora
Jesús Patiño Zorrilla,31972886-B,jesuspatinozorrilla@yahoo.com,628387519,,Rambla Eliana Tomas 56 Piso 2 ,Madrid,28021,Madrid
Pascuala Novoa Aramburu,16126576-B,pascualanovoaaramburu@yahoo.com,705157497,9284003896,Paseo Lorenza Varela 80,Valleseco,35000,Las Palmas
Andrea Codina-Díaz,52527046-Z,andreacodinadiaz@hotmail.com,783946063,,Avenida Jonatan Ayuso 84 Piso 7 ,San Millán/Donemiliaga,01207,Álava
Cecilio Oliver Español,45055043-K,ceciliooliverespanol@gmail.com,790591688,,Glorieta de Benito Uribe 1 Apt. 93 ,"Mojonera, La",04746,Almería
Amelia Santamaria Barral,19756729-M,ameliasantamariabarral@gmail.com,648578040,,Avenida Valentín Pazos 611 Puerta 5 ,Serradilla,10530,Cáceres
Tiburcio Montero-Cornejo,93218444-L,tiburciomonterocornejo@hotmail.com,744467661,,Glorieta Dorita Coca 79 Apt. 41 ,"Morell, El",43760,Tarragona
Maricruz Giralt Menéndez,85105062-W,maricruzgiraltmenendez@yahoo.com,692963518,,Acceso de Adalberto Vega 299 Apt. 46 ,Agoncillo,26160,La Rioja
Roberta Márquez Vega,65356327-X,robertamarquezvega@gmail.com,764977984,980353308,Plaza Angelita Hernandez 2,Gijón,33205,Asturias
Dafne Ortuño Roda,50175010-G,dafneortunoroda@gmail.com,784205186,9212152515,Callejón de Etelvina Gisbert 8,Basardilla,40180,Segovia
Juan Luis del Santos,30536130-L,juanluisdelsantos@hotmail.com,793957503,,Avenida Adriana Pinilla 8,Benidorm,03501,Alacant
Benito Alba,47647618-J,benitoalba@hotmail.com,767874949,,C. de Eligio Pujadas 7 Piso 3 ,Abanilla,30648,Murcia
Toño Recio Pedrero,72207658-D,tonoreciopedrero@yahoo.com,614157281,9253932515,Rambla Alfredo Aller 56 Piso 0 ,Torrijos,45500,Toledo
Marcio Suárez Uría,58040588-L,marciosuarezuria@yahoo.com,685529644,9864986952,Via Josué Bueno 52,Vila de Cruces,36596,Pontevedra
Martin Zabaleta Aguiló,30295608-P,martinzabaletaaguilo@yahoo.com,676640868,,Cañada de Natividad Carrillo 697,Vileña,09249,Burgos
Américo Escalona Cifuentes,72212265-Q,americoescalonacifuentes@hotmail.com,715275511,981161998,Vial de Jose Luis Carbó 81 Piso 9 ,Mieres,33619,Asturias
Eduardo Mora,78563100-E,eduardomora@gmail.com,618244590,9861483547,Ronda de Fidela Lago 79,Pontevedra,36150,Pontevedra
Josué del Sala,49477839-D,josuedelsala@yahoo.com,680394179,,Vial Sosimo Ugarte 1,Santa Fe de Mondújar,04420,Almería
Telmo Goñi Salvà,50641033-R,telmogonisalva@gmail.com,687233807,9220354521,Plaza de Ruperta Rivas 7,"Llanos de Aridane, Los",38760,Sta. Cruz de Tenerife
Teresa Belen Urrutia Pujol,87027554-Q,teresabelenurrutiapujol@gmail.com,759436282,,Alameda Olegario Blanco 95,Cortes de Arenoso,12127,Castelló
Felicia Juárez Oliveras,62332674-Y,feliciajuarezoliveras@hotmail.com,616161207,9237361191,Rambla Belén Díaz 709 Apt. 35 ,Villares de la Reina,37189,Salamanca
Adelia Carranza Fábregas,95047229-M,adeliacarranzafabregas@hotmail.com,640109814,9425725362,Vial de Guiomar Busquets 748,Riotuerto,39720,Cantabria
Lucas del Saavedra,80215622-V,lucasdelsaavedra@hotmail.com,767338125,9776924087,Acceso de León Carrión 92,"Aldea, L'",43896,Tarragona
Rafaela Jimenez Pedro,36541170-N,rafaelajimenezpedro@hotmail.com,764377326,,Pasaje Telmo Rios 83 Puerta 8 ,Tàrrega,25360,Lleida
Ileana Murillo Carbajo,34521580-Y,ileanamurillocarbajo@hotmail.com,620660193,9738760564,Cuesta Yolanda Carrillo 26,Rialp,25594,Lleida
Dani Esteban Flores,63469946-C,daniestebanflores@yahoo.com,712958754,9479632511,Via Mireia Lucas 83 Piso 8 ,Valle de Mena,09585,Burgos
Aurora Mariño Valderrama,39408275-Y,auroramarinovalderrama@hotmail.com,605179510,9884788697,Alameda Paula Anaya 42 Puerta 8 ,Ourense,32960,Ourense
Jonatan del Garrido,64069044-Z,jonatandelgarrido@gmail.com,635405874,,Camino de Jose Ignacio Calzada 94 Puerta 8 ,Friol,27229,Lugo
Javi Cobo,62199849-Y,javicobo@gmail.com,692772149,950578141,Camino Timoteo Diego 81 Piso 2 ,Marinaleda,41569,Sevilla
Miriam Soriano Hoz,21577517-K,miriamsorianohoz@yahoo.com,753935025,9483404908,Ronda Dafne Goicoechea 910 Apt. 44 ,Viana,31230,Nafarroa
Clarisa Yaiza Bou Alfonso,95884812-C,clarisayaizaboualfonso@hotmail.com,763064469,,Alameda de Goyo Perales 782 Apt. 60 ,Cudillero,33155,Asturias
Moisés Sandoval Olmo,76075040-X,moisessandovalolmo@yahoo.com,613536918,,Ronda Cipriano Ferrández 183,Blancas,44314,Teruel
Inocencio Carbonell Balaguer,22251145-W,inocenciocarbonellbalaguer@hotmail.com,602497444,9417748610,Avenida de Fabricio Diaz 63 Puerta 3 ,Bergasa,26588,La Rioja
Jose Ignacio Eugenio Menéndez Andreu,39337456-G,joseignacioeugeniomenendezandreu@gmail.com,744027795,9203059111,Acceso de Leonor Rodríguez 13 Piso 3 ,Pulpí,04649,Almería
Humberto del Cantero,85226134-W,humbertodelcantero@yahoo.com,769034262,9744425009,Via Remigio Espinosa 513 Piso 9 ,Peralta de Alcofea,22131,Huesca
Dimas Jordá Coca,71049487-A,dimasjordacoca@yahoo.com,651218444,9201613188,Paseo Nacio Montenegro 48,Gérgal,04450,Almería
Osvaldo del Mancebo,54146185-E,osvaldodelmancebo@gmail.com,715296139,,Callejón Saturnino Gisbert 17,Madroñal,37619,Salamanca
Concepción Soriano Puente,17429207-Z,concepcionsorianopuente@yahoo.com,715359072,,Acceso Patricia Perera 14 Apt. 30 ,Sant Cugat del Vallès,08195,Barcelona
Palmira Alegria,44874839-E,palmiraalegria@hotmail.com,605253952,955087124,Urbanización Angélica Zabaleta 8,Pizarra,29569,Málaga
Alonso Company Maestre,79449329-S,alonsocompanymaestre@hotmail.com,785418494,,C. Vera Cabanillas 1,Puerto Real,11510,Cádiz
Nerea Barroso-Nuñez,76287576-A,nereabarrosonunez@hotmail.com,796789848,,Alameda de Encarnación Gámez 2,Pinos Puente,18291,Granada
María Luisa Judith Vicens Iglesia,34914950-F,marialuisajudithvicensiglesia@gmail.com,786311168,9737137041,Avenida de Gonzalo Nevado 74 Puerta 9 ,Conca de Dalt,25518,Lleida
José Manuel Rico Pinto,31311386-Z,josemanuelricopinto@hotmail.com,786012396,9507189732,Rambla Paz Garriga 3,Torrevieja,03181,Alacant
Emilia Gaya Sobrino,69739439-N,emiliagayasobrino@yahoo.com,786220449,,Pasadizo de Valentín Ballester 102,Dolores,03150,Alacant
Araceli Amorós,49531146-W,araceliamoros@hotmail.com,755845129,9210294295,Rambla Clarisa Neira 49,Veganzones,40395,Segovia
Lázaro Sanmiguel Pina,48060108-K,lazarosanmiguelpina@hotmail.com,744012006,968613150,Camino de Carlito Jove 257,Requena,46353,Valéncia
Armando Almansa Mena,75316388-J,armandoalmansamena@gmail.com,727028638,981817079,Acceso Eliseo Vázquez 933,Valdés,33785,Asturias
Eugenia Rico Díez,84892248-F,eugeniaricodiez@hotmail.com,762269115,9884009989,Rambla Modesta Arenas 236,Leiro,32428,Ourense
Loreto Cruz Tamarit Andreu,13154339-H,loretocruztamaritandreu@yahoo.com,766662007,9783411120,Glorieta de Ximena Barral 39 Apt. 57 ,Alcañiz,44660,Teruel
Ciríaco Benavente Querol,37037759-P,ciriacobenaventequerol@yahoo.com,722440772,937720263,Alameda de Paulina Pardo 19,Pallejà,08780,Barcelona
Nacio del Amador,29684250-J,naciodelamador@gmail.com,632471658,9732856775,Callejón de Rodolfo Vila 21 Piso 2 ,Torrebesses,25176,Lleida
Casemiro Alberto-Girona,31826451-V,casemiroalbertogirona@gmail.com,635933418,,Pasadizo Danilo Quirós 93 Apt. 83 ,Castillo de Locubín,23670,Jaén
Lorena Posada Viana,92545099-E,lorenaposadaviana@gmail.com,686903673,9203645383,Paseo de Jenaro Bartolomé 63 Piso 9 ,Níjar,04110,Almería
Ana Belén del Casas,18056714-N,anabelendelcasas@hotmail.com,792762760,9216079956,Vial de Isa Maestre 731 Piso 2 ,Sepúlveda,40317,Segovia
Adela Pacheco,13801092-B,adelapacheco@hotmail.com,727481932,9693303782,Via Albano Buendía 94 Piso 4 ,Graja de Iniesta,16251,Cuenca
Herminio Palacio-Cabello,34908632-Z,herminiopalaciocabello@gmail.com,698317039,9531906064,Acceso de Delia Pont 72,Bedmar y Garcíez,23537,Jaén
Caridad Solano Sainz,16851865-H,caridadsolanosainz@gmail.com,621039779,,Plaza de Esther Maestre 92 Piso 5 ,Jaén,23194,Jaén
Custodia Quintana Toledo,73787009-L,custodiaquintanatoledo@hotmail.com,793678283,9763909762,Cañada Ángeles Miguel 855 Puerta 4 ,Villar de los Navarros,50156,Zaragoza
Felipa Agustí Vaquero,91491640-D,felipaagustivaquero@hotmail.com,704656036,9765261710,Ronda Andrés Felipe Lillo 20 Piso 0 ,Cosuenda,50409,Zaragoza
Vera Carreño Valverde,51800259-G,veracarrenovalverde@hotmail.com,704904712,9280417936,Avenida José Antonio Alegre 93,Ingenio,35425,Las Palmas
Omar Salvà-Expósito,29833765-M,omarsalvaexposito@gmail.com,730598986,,Alameda de Chus Sáez 2 Piso 3 ,Maó-Mahón,07702,Illes Balears
Eusebia Asensio,92554619-C,eusebiaasensio@gmail.com,631516682,,Rambla de Amador Pina 18 Apt. 44 ,Gáldar,35469,Las Palmas
Joaquina Aguado Cornejo,51229754-Z,joaquinaaguadocornejo@yahoo.com,766352415,9485933097,Plaza de Imelda Sastre 51 Apt. 01 ,Cadreita,31515,Nafarroa
Santiago Benito Cañizares Antón,58797774-E,santiagobenitocanizaresanton@yahoo.com,616079145,9694358849,C. Manu Prado 934,Arcas,16123,Cuenca
Encarnacion Cornejo Paz,64713158-J,encarnacioncornejopaz@hotmail.com,702065878,,Vial Cornelio Catalán 485 Puerta 8 ,Peralta/Azkoien,31350,Nafarroa
Calixto González,41653850-E,calixtogonzalez@hotmail.com,763906492,,C. de Remigio Serna 28 Apt. 69 ,Castroverde,27146,Lugo
Ruperto Meléndez Girón,28694698-J,rupertomelendezgiron@gmail.com,769042301,,Plaza de Anabel Cobos 3,Valencia,46004,Valéncia
Judith Cabezas Cueto,12806354-T,judithcabezascueto@yahoo.com,736155430,9750235833,Callejón Edelmiro Valencia 94 Piso 3 ,Vozmediano,42109,Soria
Trini Jáuregui Ferrero,23091121-H,trinijaureguiferrero@gmail.com,671216904,,Rambla de José Antonio Marquez 38,Langreo,33930,Asturias
Mohamed Roldán Perea Suárez,77022589-M,mohamedroldanpereasuarez@hotmail.com,611907485,,Glorieta Donato Domínguez 2,Casas del Monte,10730,Cáceres
Edgardo López-Badía,54094174-Z,edgardolopezbadia@gmail.com,797255274,,Vial Régulo Azcona 25 Apt. 32 ,Yeste,02480,Albacete
Geraldo Reyes,73996297-F,geraldoreyes@gmail.com,649806826,,C. de Emigdio Bermúdez 16,San Cibrao das Viñas,32901,Ourense
Edmundo Pinto-Ros,64602590-Y,edmundopintoros@gmail.com,664031900,,Rambla Josep Gallego 21 Piso 1 ,Robledillo de la Jara,28194,Madrid
María Jesús Campo Melero,16697967-J,mariajesuscampomelero@yahoo.com,696491876,9864438562,C. Esteban Menendez 539 Puerta 8 ,Silleda,36570,Pontevedra
Juliana Rincón-Tormo,24151627-V,julianarincontormo@yahoo.com,691457561,9829855537,Glorieta de Edelmiro Arnau 95,Lugo,27230,Lugo
Lorenzo del Sanchez,62927780-X,lorenzodelsanchez@yahoo.com,613980834,9565261295,Urbanización de Rico Escobar 64,Jimena de la Frontera,11330,Cádiz
Delia Mendizábal Soriano,60143765-F,deliamendizabalsoriano@yahoo.com,750209455,,C. de Corona Morata 93 Apt. 90 ,Campotéjar,18565,Granada
Corona Tello Rocha,47226850-F,coronatellorocha@yahoo.com,692737086,,Pasadizo de Sandra Gárate 30 Puerta 8 ,"Oliva, La",35469,Las Palmas
Lidia Garcés Manrique,94899031-L,lidiagarcesmanrique@yahoo.com,779141227,,Cañada Maricruz Espada 64,Murcia,30331,Murcia
Candela Uribe Roselló,82880252-M,candelauriberosello@gmail.com,632822612,9816166809,Callejón Consuelo Bernad 1 Apt. 60 ,Rois,15282,A Coruña
Melchor de Casanovas,39323834-K,melchordecasanovas@gmail.com,733399044,,Ronda Ildefonso Estevez 67,Montijo,06480,Badajoz
Alfonso Borja Alba Pulido,83238665-D,alfonsoborjaalbapulido@hotmail.com,637928067,9823898436,Glorieta de Edu Iriarte 9,"Nogais, As",27675,Lugo
Pepita Aurelia Cuenca Criado,36914545-M,pepitaaureliacuencacriado@gmail.com,651527699,,Camino Carla Arce 622,Campillo de Azaba,37550,Salamanca
Eleuterio Robles Costa,58903563-B,eleuterioroblescosta@gmail.com,611591483,9871129519,Cuesta Griselda Donoso 90,Boñar,24852,León
Pastora Tapia,65759121-M,pastoratapia@hotmail.com,782258426,9827164939,Alameda de Sabas Guardia 99,Friol,27227,Lugo
Vito del Iniesta,84590283-D,vitodeliniesta@yahoo.com,692591964,9531089335,Urbanización Natanael Acedo 30,Alcalá la Real,23689,Jaén
Azeneth Anguita Luna,54809527-K,azenethanguitaluna@hotmail.com,795843909,,Cañada de Emigdio Viana 950 Piso 5 ,Puerto Serrano,11659,Cádiz
Marcio Villanueva-Salamanca,90930039-E,marciovillanuevasalamanca@yahoo.com,784216113,,Pasaje Juan Antonio Gomila 4,Quintana Redonda,42293,Soria
Noa Quintanilla Dominguez,52812860-F,noaquintanilladominguez@yahoo.com,615834181,,Calle Chelo Castilla 10,Ortigueira,15368,A Coruña
Débora Villegas Bayona,53342313-T,deboravillegasbayona@gmail.com,799305988,9284403112,C. Anna Montserrat 71,Tejeda,35360,Las Palmas
Georgina Bertrán,73626909-E,georginabertran@yahoo.com,622822411,9820948151,Pasaje de Mamen Bonet 48 Piso 9 ,"Páramo, O",27369,Lugo
Hipólito Severino Frías Aliaga,32673992-P,hipolitoseverinofriasaliaga@hotmail.com,711162229,9235631782,Acceso de Adán Villalba 444,Pedrosillo el Ralo,37427,Salamanca
Sol Manuel Checa,44611185-V,solmanuelcheca@yahoo.com,663952615,935617668,Glorieta de Nadia Cases 78,Sant Climent de Llobregat,08849,Barcelona
Leopoldo Andres Mesa,59113611-T,leopoldoandresmesa@gmail.com,730425820,,Via de Casandra Viña 4 Piso 3 ,Algar de Palancia,46593,Valéncia
Alejandro Morillo Azcona,73799072-F,alejandromorilloazcona@yahoo.com,702923960,9750893471,Vial de Enrique Barbero 54 Apt. 88 ,Frechilla de Almazán,42215,Soria
Gertrudis Alvarez Salvador,71386156-K,gertrudisalvarezsalvador@yahoo.com,617555627,9592159178,Ronda Celso Rosell 6,Isla Cristina,21410,Huelva
Ignacia Guillén-Valls,24827843-X,ignaciaguillenvalls@gmail.com,701818976,,Calle de Chelo Nicolau 91 Apt. 92 ,Tui,36729,Pontevedra
Amalia Clavero Hervia,78019035-E,amaliaclaverohervia@hotmail.com,722472731,9420797556,Glorieta de José Mari Salom 96 Puerta 2 ,Campoo de Yuso,39294,Cantabria
Bienvenida Roman-Batlle,20990085-D,bienvenidaromanbatlle@hotmail.com,786758124,914466428,Cañada Pánfilo Sanjuan 687 Apt. 23 ,Madrid,28001,Madrid
Alicia Nebot Moles,63264359-F,alicianebotmoles@gmail.com,693141733,911646134,Plaza Cayetana Roldan 226,Cobeña,28863,Madrid
Juana Manuel Jover,93970428-H,juanamanueljover@gmail.com,752250635,9766917310,Paseo Palmira Marti 991 Puerta 2 ,Sástago,50780,Zaragoza
Juanito Ledesma Bárcena,49233023-M,juanitoledesmabarcena@hotmail.com,650493076,9788963369,Via Victoria Estrada 2 Piso 8 ,Rillo,44710,Teruel
Lucila Recio,33045120-P,lucilarecio@gmail.com,791607462,,Plaza de Valentín Quevedo 691 Apt. 44 ,Badajoz,06008,Badajoz
José Almagro Santana,27669648-G,josealmagrosantana@yahoo.com,711960392,,Glorieta de Azucena Tenorio 89 Apt. 40 ,Alt Àneu,25587,Lleida
Gema de Corbacho,55022806-K,gemadecorbacho@gmail.com,617599645,9566369563,Camino Sara Caro 55 Apt. 89 ,Jerez de la Frontera,11403,Cádiz
Sandra Mateos,98164236-Y,sandramateos@gmail.com,691667686,9489843731,C. de Victorino Tormo 44 Apt. 45 ,Villava/Atarrabia,31610,Nafarroa
Lucas Carlito Perea Castrillo,65121749-D,lucascarlitopereacastrillo@gmail.com,761645369,9784616637,C. de Crescencia Garriga 134 Puerta 7 ,Ejulve,44559,Teruel
Jenaro de Gomis,34104969-V,jenarodegomis@gmail.com,627841670,,Pasadizo de Belén Gimenez 261,Revenga de Campos,34447,Palencia
Luciana Elisa Sastre Vicente,42161138-E,lucianaelisasastrevicente@hotmail.com,680942012,,Cañada José Antonio Aragonés 1 Piso 6 ,Cintruénigo,31592,Nafarroa
Enrique Quero Roldán,46560729-N,enriquequeroroldan@yahoo.com,609488044,986472312,Cañada Curro Ledesma 51,Tapia de Casariego,33746,Asturias
Tomasa Arregui Iniesta,19810410-G,tomasaarreguiiniesta@yahoo.com,759264077,9774119189,Camino Merche Casado 10 Piso 9 ,Aldover,43591,Tarragona
Curro Eleuterio Valls Barbero,81009341-Y,curroeleuteriovallsbarbero@gmail.com,783816703,9420278643,Glorieta Martirio Varela 116,Selaya,39696,Cantabria
Virgilio Joel Iñiguez Nogueira,55058900-M,virgiliojoelinigueznogueira@yahoo.com,686412713,,Cañada Óscar Nevado 26,"Papiol, El",08754,Barcelona
Leandra Sarabia Peralta,21905175-K,leandrasarabiaperalta@gmail.com,785120466,9710765451,Paseo Xiomara Sosa 9,Puigpunyent,07195,Illes Balears
Américo Mena Marín,77168321-D,americomenamarin@yahoo.com,723758464,,Callejón Edu Quintanilla 8,Valdés,33709,Asturias
Maricruz del Nieto,37502934-P,maricruzdelnieto@gmail.com,786301179,9876622796,Callejón Urbano Benitez 52 Puerta 0 ,Villaquilambre,24197,León
María Luisa Díaz Sevillano,72911339-M,marialuisadiazsevillano@hotmail.com,683326679,,Acceso de Rosalinda Zaragoza 134,Masueco,37251,Salamanca
Lupe Peinado Pacheco,99825226-M,lupepeinadopacheco@yahoo.com,719555815,,Rambla de Mariano Olivera 408 Puerta 9 ,Navas de San Juan,23240,Jaén
Adelardo Manu Montes Castro,58907376-Y,adelardomanumontescastro@gmail.com,725111185,9437373300,Pasaje Esperanza Plaza 59,Lazkao,20210,Gipuzkoa
Carmelo Aparicio Lamas,52971267-J,carmeloapariciolamas@gmail.com,663359324,9482555504,Pasaje Aurelia Durán 39 Piso 7 ,Villatuerta,31132,Nafarroa
Dorotea Prada Olivera,77932372-T,doroteapradaolivera@yahoo.com,616091127,,Vial Primitivo España 8 Piso 9 ,Etxalar,31760,Nafarroa
Armida Vendrell Baró,44467979-D,armidavendrellbaro@yahoo.com,674198111,,Pasaje de Cruz Castellanos 8,Breña Alta,38710,Sta. Cruz de Tenerife
Adelaida de Cáceres,29762692-W,adelaidadecaceres@gmail.com,733906826,963566154,C. de Zaida Carreño 15 Puerta 7 ,"Pobla del Duc, la",46840,Valéncia
Severo Romero-Talavera,63483705-W,severoromerotalavera@hotmail.com,660984681,,Acceso de Herberto Cuesta 59,Santiago-Pontones,23290,Jaén
Baudelio Anglada Nuñez,54400913-W,baudelioangladanunez@gmail.com,636522962,,Glorieta Rocío Jordán 58 Apt. 42 ,Rebollar,10617,Cáceres
María Manuela Vendrell Castelló,75898664-K,mariamanuelavendrellcastello@yahoo.com,658535284,,Vial de Calista González 95,"Royo, El",42159,Soria
Miguela Artigas Redondo,44836769-V,miguelaartigasredondo@gmail.com,735367774,9820071184,Vial Heraclio Ferrero 72,Sober,27424,Lugo
Casandra Barrios Villa,24787417-H,casandrabarriosvilla@yahoo.com,739989595,9861587136,Cañada Espiridión Pedrosa 881 Apt. 59 ,Ponteareas,36861,Pontevedra
Juana Ferrera Castells,12400217-C,juanaferreracastells@gmail.com,706513981,9829738001,Callejón de Amor Serrano 74,Samos,27627,Lugo
Modesto Sanabria Dominguez,81015743-Z,modestosanabriadominguez@gmail.com,619907398,,Ronda de Renato Aparicio 8 Puerta 3 ,Manzaneda,32783,Ourense
Ximena Palomino Lobo,25052305-S,ximenapalominolobo@gmail.com,719334921,,Pasaje de Paulina Barceló 21,Calañas,21300,Huelva
Selena Montero Valencia,36790443-B,selenamonterovalencia@yahoo.com,778492501,9816605045,Cañada de Encarna Cuadrado 70 Piso 6 ,Noia,15213,A Coruña
Tadeo Pla Segura,11724494-Z,tadeoplasegura@yahoo.com,732381344,9820416010,Cañada de Carmelo Vallejo 18 Apt. 25 ,Ourol,27865,Lugo
Octavia Vaquero Bermúdez,51076566-Y,octaviavaquerobermudez@hotmail.com,637905550,,Acceso de Renata Rosell 42,"Puebla de Híjar, La",44510,Teruel
Berto del Zurita,56433200-D,bertodelzurita@yahoo.com,608198970,,Via de Ceferino Mayo 704 Puerta 9 ,"Vellés, La",37427,Salamanca
Rebeca Barberá Lara,68123177-Y,rebecabarberalara@hotmail.com,624481196,9284877494,Calle de Xavier Cueto 42,Valleseco,35340,Las Palmas
Tecla Arcos Alberola,49578719-B,teclaarcosalberola@yahoo.com,793844160,9692276622,Camino Sandalio Pascual 70,Leganiel,16461,Cuenca
Rolando Suárez Casal,73362650-X,rolandosuarezcasal@gmail.com,666747881,9221218944,Plaza de Luís Quevedo 399 Apt. 99 ,"Realejos, Los",38414,Sta. Cruz de Tenerife
Fabio Marco Amador Arroyo,15962423-D,fabiomarcoamadorarroyo@gmail.com,752620298,9739696310,Pasaje de Edu Pinilla 409 Piso 7 ,Sant Martí de Riucorb,25344,Lleida
Feliciana de Crespo,23707645-G,felicianadecrespo@gmail.com,619403341,,Cañada Humberto Alcalde 3 Apt. 58 ,Salas,33848,Asturias
Tomasa Pujadas Ponce,86304830-K,tomasapujadasponce@hotmail.com,646630920,,Acceso de Adelaida Rebollo 758 Piso 1 ,Sabadell,08203,Barcelona
Narciso Pacheco Oliva,32032490-E,narcisopachecooliva@gmail.com,622543896,,Via de Ruperto Cortes 2 Puerta 4 ,Eibar,20600,Gipuzkoa
Emelina Nebot Canet,73254771-R,emelinanebotcanet@yahoo.com,780082039,,Rambla de Isa Arribas 66,Castrillo de Don Juan,34246,Palencia
Amado de Borrell,54710440-H,amadodeborrell@hotmail.com,643315119,933899898,Ronda Iván Borrell 28 Puerta 1 ,Sant Feliu de Llobregat,08980,Barcelona
Lorenzo Rocamora Lerma,69400264-H,lorenzorocamoralerma@hotmail.com,652110025,9240361328,Pasadizo África Benet 801,Montemolín,06908,Badajoz
Amparo María Teresa Flores Sebastián,61900144-Z,amparomariateresafloressebastian@hotmail.com,729358701,9420709181,Ronda Fabricio Duran 29,Hazas de Cesto,39730,Cantabria
Ramiro Iriarte Morell,92633908-M,ramiroiriartemorell@hotmail.com,619500090,,Acceso de Celso Elorza 101 Piso 3 ,Boadilla del Monte,28660,Madrid
Pastor Saez,77888912-X,pastorsaez@gmail.com,655576590,,Callejón de Brunilda Viñas 80 Puerta 6 ,Horcajo de Santiago,16410,Cuenca
Dorita Quintanilla Vilalta,56715242-W,doritaquintanillavilalta@hotmail.com,687195312,,Alameda Fátima Gaya 3 Apt. 02 ,Carcaixent,46740,Valéncia
Esmeralda Zaragoza Santana,27994303-Z,esmeraldazaragozasantana@gmail.com,718929450,9276794299,Cuesta de Begoña Garcia 11,Valdehúncar,10393,Cáceres
Lilia del Perez,94589130-C,liliadelperez@gmail.com,633230827,,Via Brunilda Abella 18 Apt. 22 ,Almarza,42164,Soria
Rosenda Valera Mosquera,35058677-F,rosendavaleramosquera@hotmail.com,787204915,9866020221,Avenida Marcia Robledo 38 Puerta 9 ,Pontevedra,36164,Pontevedra
Porfirio Téllez,28945570-R,porfiriotellez@yahoo.com,793768343,9481172869,Calle Roldán Bartolomé 339,Urdazubi/Urdax,31711,Nafarroa
Ofelia Sarita Tejero Antúnez,30977741-F,ofeliasaritatejeroantunez@hotmail.com,617943809,9423564859,C. Irma Moya 75,Bárcena de Cicero,39791,Cantabria
Adelia Villalobos Escalona,61025147-Y,adeliavillalobosescalona@yahoo.com,625696151,9484712945,Calle de Jesús Alberola 54,Murillo el Cuende,31391,Nafarroa
Eulalia Azucena Rocha Cadenas,94884217-V,eulaliaazucenarochacadenas@gmail.com,752223407,9730135130,Calle Rosalía Ortega 4 Puerta 0 ,Puigverd de Lleida,25153,Lleida
Rosario Piñol Sáez,93943540-V,rosariopinolsaez@hotmail.com,768006967,9777205690,Calle de Carlos Menendez 79 Piso 2 ,Tarragona,43007,Tarragona
Victor Bejarano-Cuenca,67069028-Q,victorbejaranocuenca@gmail.com,705554010,,Ronda Pepe Leiva 59 Piso 9 ,Ponts,25749,Lleida
Rosario Berrocal-Perez,58738275-R,rosarioberrocalperez@hotmail.com,704874810,,Camino Dafne Bauzà 151 Puerta 1 ,Puertollano,13597,Ciudad Real
Chus Almeida Hervia,72303273-J,chusalmeidahervia@gmail.com,611999037,,Cañada de Teobaldo Ortega 320,Huelva,21003,Huelva
Baudelio Zorrilla Múgica,96643666-N,baudeliozorrillamugica@gmail.com,653225985,9836058026,C. Claudia Casal 13,Valoria la Buena,47200,Valladolid
Plácido Campoy,78955629-X,placidocampoy@yahoo.com,621933524,9586690694,Camino de Ascensión Arias 17,Gor,18870,Granada
Hipólito Geraldo Guerra Avilés,76190911-F,hipolitogeraldoguerraaviles@gmail.com,703977764,9680674045,Pasadizo Rosendo Mayoral 96 Apt. 47 ,Cartagena,30351,Murcia
Nilo Ferrández Correa,52894530-G,niloferrandezcorrea@gmail.com,695263384,9758664012,C. de Arsenio Buendía 35 Puerta 9 ,Berlanga de Duero,42360,Soria
Odalis Perelló Pereira,11983179-H,odalisperellopereira@hotmail.com,610044995,,Camino de Soledad Salvador 24,Archena,30600,Murcia
Anunciación Calatayud Cervantes,45751018-Q,anunciacioncalatayudcervantes@yahoo.com,745466973,,Pasadizo Jacinta Arce 49,San Pedro de Mérida,06893,Badajoz
Patricia Heredia-Monreal,14874453-P,patriciaherediamonreal@yahoo.com,657752310,,Urbanización de América Tejada 64,Santa María de los Caballeros,05581,Ávila
Florencia Pombo Perales,85080583-H,florenciapomboperales@gmail.com,605832331,9781701377,Alameda Nazario Barón 24,Utrillas,44761,Teruel
Sebastian Pera,95040287-D,sebastianpera@yahoo.com,683320297,,Callejón de Milagros Borrell 47 Piso 0 ,Pontevedra,36152,Pontevedra
María Fernanda Girón Romero,61750443-C,mariafernandagironromero@yahoo.com,633195049,9218429409,Vial Olga Cases 59 Puerta 4 ,Sepúlveda,40310,Segovia
Elisa Peiró Trujillo,51152787-M,elisapeirotrujillo@gmail.com,757347466,,Pasaje de Máximo Ortega 97,Ollauri,26220,La Rioja
Nereida Pujadas Arrieta,91280258-C,nereidapujadasarrieta@gmail.com,720486400,9271988912,Avenida Valerio Cases 89 Piso 2 ,Casar de Cáceres,10593,Cáceres
Maximino Tejedor Iñiguez,50761489-Y,maximinotejedoriniguez@hotmail.com,605958015,9411998602,Avenida de Saturnino Guillén 68 Piso 0 ,Alberite,26130,La Rioja
Fernando Cabo Manzano,51688267-E,fernandocabomanzano@hotmail.com,722424178,,Avenida de Lucio Campos 2,Lugo,27002,Lugo
Calixta de Rovira,60797397-W,calixtaderovira@gmail.com,703585217,9483265065,Cuesta de Eustaquio Martín 50 Piso 3 ,"Arcos, Los",31210,Nafarroa
Fulgencio Canals Arellano,68677291-G,fulgenciocanalsarellano@hotmail.com,707331469,9807241641,Paseo Leandro Luz 27 Apt. 11 ,Otero de Bodas,49336,Zamora
Caridad Mayoral Arnal,57061759-R,caridadmayoralarnal@hotmail.com,733751522,,Plaza de Casandra Montalbán 81 Apt. 18 ,Puerto del Rosario,35627,Las Palmas
Camila Morell Bertrán,45731020-M,camilamorellbertran@gmail.com,669581532,958371790,Urbanización Felicia Roma 1,Málaga,29018,Málaga
Elpidio Barba Samper,61927121-N,elpidiobarbasamper@yahoo.com,791710292,,Acceso Encarna Ferrández 84 Apt. 73 ,Isar,09653,Burgos
Darío Benavent,57620333-C,dariobenavent@gmail.com,740582904,9687216507,Callejón de Ana Lastra 25,Jumilla,30520,Murcia
Javier Bayo Mármol,64702846-M,javierbayomarmol@hotmail.com,692095337,,Alameda Ruperto Sotelo 90 Apt. 20 ,Piedralaves,05540,Ávila
Consuelo Corral Balaguer,59171738-Y,consuelocorralbalaguer@gmail.com,689446882,9882433334,Cañada de Agustín Valera 27,Verín,32637,Ourense
Victor Manuel Gascón Baños,16938334-F,victormanuelgasconbanos@hotmail.com,683933702,,Glorieta de Marcio Garay 4,"Orotava, La",38310,Sta. Cruz de Tenerife
Jose Francisco Reguera Bartolomé,22695029-D,josefranciscoreguerabartolome@gmail.com,794963598,,Via América Gómez 93 Puerta 7 ,Cástaras,18439,Granada
Arcelia Lucena-Azcona,31724904-S,arcelialucenaazcona@hotmail.com,615657477,9210561577,Callejón Serafina Tirado 947 Piso 3 ,Frumales,40298,Segovia
Augusto Jose Manuel Pou Mata,82053154-X,augustojosemanuelpoumata@yahoo.com,653829888,9249591861,Via de Marita Vargas 29,Valverde de Burguillos,06378,Badajoz
Pedro Peralta Ballester,75602649-Q,pedroperaltaballester@yahoo.com,664806426,9747571449,Rambla Sol Giménez 10 Piso 2 ,Siétamo,22122,Huesca
José de Santos,87120478-C,josedesantos@gmail.com,738628251,9239456412,Callejón de Reynaldo Sanchez 9 Puerta 7 ,Aldehuela de Yeltes,37639,Salamanca
Sonia Velázquez-Oliva,48047993-G,soniavelazquezoliva@gmail.com,697385175,,Cuesta de Iván Rosado 808 Piso 4 ,Santa Eufemia,14941,Córdoba
Azucena Murcia Maldonado,58492836-H,azucenamurciamaldonado@gmail.com,796829339,965765394,Calle de Piedad Farré 93 Apt. 19 ,Montesa,46692,Valéncia
Rita Crespo Ramírez,11921111-G,ritacresporamirez@yahoo.com,755357443,,Rambla Azeneth Castejón 60,Fuente-Olmedo,47418,Valladolid
María José Luciana Balaguer Cuéllar,14037698-Q,mariajoselucianabalaguercuellar@yahoo.com,706313727,9422284616,Rambla de Dionisio Borrell 251,Miengo,39312,Cantabria
Florentina de Polo,24380932-N,florentinadepolo@hotmail.com,713942637,,Calle Chucho Aguirre 69,Valdés,33784,Asturias
Hernán Duque Uriarte,89324392-M,hernanduqueuriarte@hotmail.com,796605389,980758457,Pasadizo de Gisela Amat 7,Ribera de Arriba,33173,Asturias
María Del Carmen Lucas Sotelo,96304416-N,mariadelcarmenlucassotelo@gmail.com,631808414,,Cañada de Diana Vives 322 Apt. 30 ,"Corgo, O",27163,Lugo
Florentina Rosa Barco Ángel,40763955-C,florentinarosabarcoangel@yahoo.com,602156119,9752602517,Rambla Clemente Barral 80 Puerta 6 ,Valdenebro,42313,Soria
Nilo Adán Tamayo Corral,89470514-P,niloadantamayocorral@gmail.com,629659939,9812773764,Rambla Eligia Llabrés 451 Apt. 14 ,Neda,15579,A Coruña
Cipriano Tadeo Bosch Gual,55637739-A,ciprianotadeoboschgual@hotmail.com,749138540,,Acceso Fátima Peñas 924 Apt. 11 ,Pegalajar,23110,Jaén
Fátima Teresita Rodrigo Ferrera,69876062-S,fatimateresitarodrigoferrera@hotmail.com,690931032,9536375587,Alameda de Petrona Alvarez 89 Piso 4 ,Jaén,23005,Jaén
Roxana del Torrent,62803865-L,roxanadeltorrent@yahoo.com,605721552,9690810702,Vial Erasmo Soria 15 Apt. 01 ,San Lorenzo de la Parrilla,16770,Cuenca
Sofía del Calderon,89868289-K,sofiadelcalderon@hotmail.com,691151556,,Glorieta de Azucena Verdú 8 Puerta 5 ,Veganzones,40395,Segovia
Adolfo Agapito Pulido Bernal,58154621-H,adolfoagapitopulidobernal@gmail.com,796969503,,Glorieta de Caridad Uría 7,Oleiros,15171,A Coruña
Gustavo Carbó-Acero,27070491-C,gustavocarboacero@gmail.com,796873670,9870194073,Avenida Gertrudis Cabañas 7,Roperuelos del Páramo,24791,León
Jessica Puig,64610350-S,jessicapuig@hotmail.com,791483990,,Calle María Ángeles Salinas 84,Cospeito,27375,Lugo
Roxana Paniagua Galan,75630568-J,roxanapaniaguagalan@gmail.com,682256730,9728597546,Callejón Manu Villalba 14,Llers,17730,Girona
Amílcar Águila-Gimeno,60399117-J,amilcaraguilagimeno@yahoo.com,600003867,9242152799,Camino Aitor Peñalver 77 Puerta 6 ,Gilbuena,05619,Ávila
Urbano de Barbero,83314876-K,urbanodebarbero@gmail.com,741128892,9871235692,Vial de Rosa Angulo 11,Valderrueda,24884,León
Febe Sola Granados,19605914-R,febesolagranados@hotmail.com,628134800,9210422255,Paseo de Concha Gibert 338,Ayllón,40594,Segovia
Jennifer Ayllón Higueras,95468377-T,jenniferayllonhigueras@yahoo.com,663461005,9733540022,Ronda de Salomé Rodríguez 29,Lladorre,25576,Lleida
Nazaret de Porras,54114783-S,nazaretdeporras@yahoo.com,722775785,,Glorieta de Emperatriz Segovia 71,Zamora,49030,Zamora
Vasco Pascual Lucas,62269934-X,vascopascuallucas@yahoo.com,791776337,9746301410,Acceso Daniela Fonseca 33 Apt. 77 ,Lalueza,22214,Huesca
Jose Ignacio Bou Benito,69205448-N,joseignacioboubenito@yahoo.com,707265949,,Paseo de José María Carrera 71 Puerta 2 ,Salamanca,37002,Salamanca
Francisca de Arrieta,86054580-B,franciscadearrieta@hotmail.com,608422745,9882803981,Avenida de Desiderio Portillo 53,"Carballiño, O",32500,Ourense
Piedad Arnau-Ochoa,40387844-M,piedadarnauochoa@hotmail.com,602215020,9764819197,Urbanización Trini Moles 18 Apt. 02 ,Zaragoza,50193,Zaragoza
Bárbara de Martí,30603696-B,barbarademarti@gmail.com,635930465,,Cuesta Fausto Amores 243 Puerta 7 ,Marratxí,07141,Illes Balears
Julia Soria Peñalver,99792921-S,juliasoriapenalver@hotmail.com,627497451,9245386896,Cuesta Dora Rico 1,Badajoz,06183,Badajoz
Bruno del Izquierdo,75991821-M,brunodelizquierdo@gmail.com,767282220,9220794972,C. de Ceferino Acero 11,Güímar,38560,Sta. Cruz de Tenerife
Fulgencio Palomino Torrecilla,42966643-K,fulgenciopalominotorrecilla@yahoo.com,602737603,,Glorieta Sol Corbacho 901,Badajoz,06182,Badajoz
Olivia Urrutia Mancebo,46306139-D,oliviaurrutiamancebo@yahoo.com,719814827,,Alameda Viviana Barroso 13 Puerta 6 ,Antigua,35638,Las Palmas
Felicia Aparicio Arrieta,27199358-H,feliciaaparicioarrieta@hotmail.com,683236359,9825966005,Rambla Martin Manjón 50,Becerreá,27649,Lugo
Humberto Pelayo Coloma,92955011-M,humbertopelayocoloma@yahoo.com,661215974,9887669242,Pasadizo de Chema Arnau 4,Rubiá,32311,Ourense
Jacobo Cortina Montserrat,38977719-X,jacobocortinamontserrat@gmail.com,792897593,,Callejón de Eva María Ramírez 76 Piso 5 ,Alcolea,04768,Almería
Hipólito Fuentes Sureda,14721918-D,hipolitofuentessureda@hotmail.com,738038561,,Acceso Jacinta Bauzà 75 Apt. 45 ,Zúñiga,31284,Nafarroa
Estefanía Sainz Viana,49832876-H,estefaniasainzviana@hotmail.com,736309660,,Rambla de Joaquina Cabrero 54 Apt. 65 ,Murcia,30162,Murcia
Juanita Solé-Andreu,55921432-Z,juanitasoleandreu@hotmail.com,735925701,9861305132,Pasaje de Maribel Águila 20 Puerta 7 ,Marín,36920,Pontevedra
Tere Alcántara-Garrido,83097470-B,terealcantaragarrido@gmail.com,780474397,9450287001,Pasadizo de María Manuela Dominguez 75,Armiñón,01211,Álava
Custodia Molins Tello,91401714-J,custodiamolinstello@gmail.com,795586450,,Cañada Bautista Palomar 13,Bueu,36930,Pontevedra
Ale Guardia,18051952-B,aleguardia@yahoo.com,748994721,9772184733,Glorieta de Jose Manuel Vaquero 271 Puerta 9 ,Santa Oliva,43710,Tarragona
Rosalina Velázquez Aguirre,44342704-S,rosalinavelazquezaguirre@yahoo.com,666165069,,Callejón de Emiliano Hernando 52 Piso 4 ,Galende,49395,Zamora
Ale Mayo Lara,97420490-B,alemayolara@gmail.com,768568210,9731214952,Avenida Leocadia Amaya 11 Puerta 9 ,Tremp,25633,Lleida
Paula Valero Bas,19469354-S,paulavalerobas@yahoo.com,737191895,9252790977,Cuesta de Custodio Elorza 13,Toledo,45001,Toledo
Jorge Losa Noguera,95103803-E,jorgelosanoguera@gmail.com,620235152,9885143253,Camino José Simó 984,Lobios,32892,Ourense
Martina Olivares,60279541-Z,martinaolivares@yahoo.com,747676021,,Callejón de Martin Ayala 93,Ondarroa,48700,Bizkaia
Rosenda Frías-Diaz,66243269-A,rosendafriasdiaz@yahoo.com,787570372,,Glorieta de Edgardo Velázquez 60,Santa Maria de Miralles,08787,Barcelona
Teo Pedro Calvet,65003421-Q,teopedrocalvet@gmail.com,740058322,,Pasadizo de Gabino Barrera 50,Cubo de la Solana,42191,Soria
Salvador Porta Piñol,64503954-V,salvadorportapinol@yahoo.com,747095397,,Avenida Fabio Pujadas 123 Apt. 74 ,Teguise,35544,Las Palmas
Rufino Pedrosa Lumbreras,87499866-T,rufinopedrosalumbreras@yahoo.com,658200512,9788515971,Camino de Cruz Mendizábal 85,Torremocha de Jiloca,44381,Teruel
Eugenia Cerdá Infante,21639007-D,eugeniacerdainfante@yahoo.com,777835154,,Cuesta Berto Bustos 758 Puerta 2 ,Fraga,22520,Huesca
Tamara del Santamaría,43864967-B,tamaradelsantamaria@gmail.com,739326744,,Calle de Nélida Garzón 517,Subirats,08739,Barcelona
María Teresa Carnero Sierra,88215676-G,mariateresacarnerosierra@hotmail.com,657371533,9685442217,Acceso de Román Garrido 17 Puerta 1 ,Lorca,30893,Murcia
Cecilio Nadal Pagès,69878278-T,cecilionadalpages@gmail.com,625526448,,Pasaje de Azahar Aragón 488,Villatorres,23638,Jaén
Ariel Cerdán Zapata,58655624-N,arielcerdanzapata@yahoo.com,724526708,,Pasadizo de Aroa Rosselló 94 Puerta 7 ,"Ausines, Los",09642,Burgos
Clara Barral Roig,33346547-C,clarabarralroig@gmail.com,642156980,,Acceso Andrés Rios 1 Apt. 65 ,Murcia,30592,Murcia
Primitiva del Sarabia,22345349-K,primitivadelsarabia@yahoo.com,646774344,,Cuesta Lucio Martín 99 Apt. 53 ,Belvís de la Jara,45660,Toledo
Jose Carlos Márquez Rebollo,36698067-A,josecarlosmarquezrebollo@hotmail.com,653902523,,Ronda Patricio Godoy 58 Piso 9 ,Trabada,27767,Lugo
Ainoa de Mulet,42587027-C,ainoademulet@gmail.com,753227004,,Via Jose Francisco Boada 48,Quintana y Congosto,24733,León
Benito Casas Ojeda,13757013-T,benitocasasojeda@hotmail.com,748741898,9596880183,Acceso Graciela Izquierdo 47,Villarrasa,21850,Huelva
Moreno Coello Tena,39567407-R,morenocoellotena@hotmail.com,756953696,,Acceso de Marino Solano 5 Piso 1 ,Sant Jaume de Llierca,17854,Girona
Gabino Pont-Mata,12508828-W,gabinopontmata@hotmail.com,761572082,,Ronda Marita Rivera 9,Güímar,38591,Sta. Cruz de Tenerife
Fortunata Amador Clavero,42152666-Z,fortunataamadorclavero@gmail.com,746006801,963723949,Cañada de Leticia Hoz 65 Puerta 3 ,Llocnou de la Corona,46910,Valéncia
León Castillo Figuerola,84314133-C,leoncastillofiguerola@gmail.com,698210970,,Avenida Isaías Corominas 412,Pollença,07460,Illes Balears
Moreno Pazos Gracia,77570799-X,morenopazosgracia@hotmail.com,758734731,9274802274,Acceso Manu Calderon 66 Piso 3 ,Rosalejo,10391,Cáceres
Mayte Chico Frías,95846438-X,maytechicofrias@yahoo.com,762115206,,Camino Candelaria Nogueira 948,Vilalba,27813,Lugo
Fidel Leal Jordán,88389844-Q,fidellealjordan@hotmail.com,648988795,9484913052,Cañada Natalia Coello 6,Esteribar,31639,Nafarroa
Anna Cortés,65460699-P,annacortes@yahoo.com,673134662,,Acceso de Aurelia Peñalver 9,Reyero,24856,León
Fernanda Lago Tomás,87105332-P,fernandalagotomas@hotmail.com,716956127,9212289903,Vial René Riba 13,Sepúlveda,40389,Segovia
Gerónimo Puente Comas,46102566-D,geronimopuentecomas@hotmail.com,623091032,,Urbanización de Mar Frías 3 Puerta 3 ,Cardiel de los Montes,45642,Toledo
Clemente Guardia-Mateos,64714526-R,clementeguardiamateos@hotmail.com,728802264,9734009335,Avenida de Rufina Téllez 89 Apt. 48 ,Juncosa,25165,Lleida
Paulino Pino Puga,36611785-V,paulinopinopuga@hotmail.com,745177324,,C. Berta Valencia 811 Piso 7 ,Benimarfull,03827,Alacant
Abraham Velázquez Bastida,84851499-Z,abrahamvelazquezbastida@yahoo.com,605028709,9875834243,Pasaje Jenaro Sedano 34 Piso 7 ,Toral de los Vados,24569,León
Loida Suárez Larrea,33752352-J,loidasuarezlarrea@hotmail.com,758089848,,Acceso Natividad Garcés 84 Puerta 4 ,"Pontenova, A",27723,Lugo
Hernando Seco,67559439-K,hernandoseco@hotmail.com,660562190,,Callejón Valero Nuñez 1 Piso 2 ,Salou,43840,Tarragona
Julio Cueto-Suarez,68402200-Q,juliocuetosuarez@hotmail.com,641681599,966314676,Alameda de Benigna Berenguer 32,Valencia,46035,Valéncia
Ruth Nogués-Castro,11902965-M,ruthnoguescastro@gmail.com,659031710,913019535,Camino de María Pilar Salmerón 72,Torrelaguna,28180,Madrid
Lorena Palomino Sosa,94288644-Y,lorenapalominososa@yahoo.com,636433273,959758101,Cuesta de Mayte Esparza 21,Carmona,41410,Sevilla
Tomás Borja Cuervo,33453212-B,tomasborjacuervo@hotmail.com,774691116,9482221044,Plaza César Fuertes 541,Pamplona/Iruña,31015,Nafarroa
Pablo Girón-Santiago,32114038-N,pablogironsantiago@yahoo.com,780478839,,Pasadizo Amador Pinto 43,Brión,15865,A Coruña
Jose Carlos Baldomero Ortiz Villegas,76996299-G,josecarlosbaldomeroortizvillegas@hotmail.com,675738107,,Glorieta de Basilio Cobos 56 Piso 9 ,Paracuellos de Jarama,28860,Madrid
Cristian Tello Ballester,85499951-G,cristiantelloballester@hotmail.com,712755433,9691906736,Ronda Elías Maldonado 59,Torralba,16842,Cuenca
Reyna Marquez,43651768-E,reynamarquez@gmail.com,765223485,9285139403,Urbanización Jennifer Martín 42,Mogán,35149,Las Palmas
Zaira Nilda Lobato Tejera,18131244-E,zairanildalobatotejera@hotmail.com,703089912,,Cañada Marcos Esteve 3 Piso 6 ,Condado de Treviño,09215,Burgos
Trini Silva-Alberola,53554760-L,trinisilvaalberola@yahoo.com,689891134,,Avenida de Lucía Ramos 71,Villatorres,23638,Jaén
Marco Donoso Lledó,98217568-R,marcodonosolledo@yahoo.com,783087580,,Acceso de Adelaida Camacho 78 Puerta 9 ,Villamanta,28610,Madrid
Abilio Azcona Solsona,87571859-A,abilioazconasolsona@gmail.com,747449473,,Urbanización Sara Torrijos 6,Berrioplano/Berriobeiti,31195,Nafarroa
Morena Zamora-Iniesta,19675914-N,morenazamorainiesta@yahoo.com,630725937,9674697286,Via de Fátima Cortés 49 Apt. 34 ,Montealegre del Castillo,02650,Albacete
Armando Díaz,28322230-F,armandodiaz@yahoo.com,780705565,9208170147,Glorieta Joel Olivé 45,Gérgal,04550,Almería
Amaro Salas Ortega,97151665-X,amarosalasortega@gmail.com,773109744,916461840,Rambla Horacio Suarez 79 Piso 8 ,Fuenlabrada,28941,Madrid
Godofredo Rosado Mariscal,45042564-P,godofredorosadomariscal@yahoo.com,746817103,,Rambla de Raimundo Montserrat 21 Piso 8 ,Aller,33675,Asturias
Viviana Prats Mate,38749269-L,vivianapratsmate@yahoo.com,656657597,9698817187,Cuesta de Victoria Portillo 18 Puerta 3 ,Belmontejo,16779,Cuenca
Carlos Edgardo Sandoval Santamaria,89975628-L,carlosedgardosandovalsantamaria@yahoo.com,664267241,9212490393,Cuesta de Juan Antonio Herranz 693 Puerta 7 ,Escalona del Prado,40350,Segovia
Reyes Gárate Conesa,39539442-G,reyesgarateconesa@gmail.com,628953277,9259762158,C. Octavia Melero 4 Piso 6 ,Marjaliza,45479,Toledo
Elba Arribas Elías,17043180-L,elbaarribaselias@hotmail.com,696728965,938766630,Ronda de Jeremías Cerezo 5,Montornès del Vallès,08170,Barcelona
Natalio Bosch Alcántara,63970415-D,natalioboschalcantara@hotmail.com,774903838,9740140856,Pasaje de Américo Larrea 67,Valfarta,22223,Huesca
Felicia Seguí Calvo,71046349-Q,feliciaseguicalvo@gmail.com,649285564,,Via Cintia Lago 9,Quer,19209,Guadalajara
Nazaret Feijoo-Carmona,89201320-Y,nazaretfeijoocarmona@hotmail.com,745393295,9737568651,Camino Pía Posada 327,Lleida,25008,Lleida
Dora Pujol,46125506-H,dorapujol@yahoo.com,761943387,9773443423,Avenida de Silvio Rodríguez 56,"Secuita, La",43154,Tarragona
Viviana Franch-Cárdenas,87581876-S,vivianafranchcardenas@yahoo.com,684679061,,Ronda Zaira Casal 15 Puerta 9 ,Numancia de la Sagra,45230,Toledo
Fabiana Francisco Flor,26253503-S,fabianafranciscoflor@gmail.com,694026689,9427340315,Urbanización Luisina Téllez 97,Santoña,39749,Cantabria
Pepe Aznar Tejada,85911124-Y,pepeaznartejada@yahoo.com,689420127,9754592328,Via de Antonia Mendez 53 Apt. 70 ,Langa de Duero,42328,Soria
Zaira Iglesia Cózar,66373635-M,zairaiglesiacozar@gmail.com,690339000,,Calle Raúl Mir 78 Puerta 8 ,Mendaro,20850,Gipuzkoa
Maximiano Celestino Aguilar Villena,24034628-L,maximianocelestinoaguilarvillena@yahoo.com,759497803,9794107555,Rambla de Laura Batalla 542,Becerril de Campos,34310,Palencia
Albano Ferrera Guzmán,48951456-G,albanoferreraguzman@gmail.com,763597664,9246441617,Plaza Moreno Ballesteros 29 Piso 1 ,Puebla de Alcocer,06630,Badajoz
Áurea Vicens Galán,72017837-F,aureavicensgalan@hotmail.com,720287692,,Pasadizo Fernanda Morante 25 Piso 8 ,Villoruebo,09646,Burgos
Toni Caro Llobet,27301448-B,tonicarollobet@yahoo.com,674118420,9412334883,Pasaje de Renato Campillo 93,Navajún,26533,La Rioja
Glauco García Belda,32582484-V,glaucogarciabelda@gmail.com,778390086,,Urbanización de María Núñez 87,Vegas del Condado,24155,León
Brunilda Bueno,38229067-P,brunildabueno@gmail.com,605819782,,C. de Itziar Rebollo 45 Apt. 77 ,Carmona,41339,Sevilla
Socorro Pacheco Capdevila,63352012-F,socorropachecocapdevila@yahoo.com,696732481,9726912023,Alameda de Manolo Tamayo 201,Castelló d'Empúries,17487,Girona
Victorino Gimenez Gomis,85713003-F,victorinogimenezgomis@yahoo.com,718904358,9592823067,Callejón Vidal Sureda 395,Almonte,21760,Huelva
Liliana Grau,32883886-G,lilianagrau@hotmail.com,717900582,,Plaza de Odalis Reguera 63,Ventosa,26371,La Rioja
Régulo Dionisio Jordá Coloma,83670490-D,regulodionisiojordacoloma@hotmail.com,600130734,,Urbanización de Basilio Gilabert 95,Puerto de Béjar,37729,Salamanca
Ariel Trujillo Checa,72112042-G,arieltrujillocheca@yahoo.com,645692577,9820844631,Plaza Dani Crespi 670,Xove,27877,Lugo
Bernabé Francisco Jose Garmendia Barba,37011104-X,bernabefranciscojosegarmendiabarba@gmail.com,710779802,983508033,Acceso de Jacinta Cepeda 929,Cangas de Onís,33559,Asturias
Jessica del Vigil,83618182-A,jessicadelvigil@yahoo.com,644358032,9223436479,Callejón Gabino Bonet 26,"Paso, El",38769,Sta. Cruz de Tenerife
Estrella Sancho Andrés,36530890-J,estrellasanchoandres@yahoo.com,678412969,9201112633,Rambla Teófila Bello 556,"Gallardos, Los",04280,Almería
Jovita Campos,98338774-C,jovitacampos@gmail.com,646817140,,Acceso de Alba Cano 9,Viloria de Rioja,09259,Burgos
Raimundo Castro Sotelo,84869901-Q,raimundocastrosotelo@gmail.com,667755084,9884288761,Cañada Isabela Ramón 3 Apt. 87 ,Bande,32848,Ourense
Timoteo Escalona Rovira,13827722-F,timoteoescalonarovira@gmail.com,660628067,,Plaza Cipriano Zorrilla 50,"Llanos de Aridane, Los",38760,Sta. Cruz de Tenerife
Aarón Sosimo Páez Tur,92005396-Z,aaronsosimopaeztur@gmail.com,788979207,,Cañada de Elena Cazorla 220 Piso 1 ,Xove,27876,Lugo
Saturnino Cañellas Rius,25570483-A,saturninocanellasrius@hotmail.com,641817165,9536730623,Glorieta Edelmira Aragón 17 Piso 5 ,Beas de Segura,23280,Jaén
Chuy Vergara Uría,39560420-Y,chuyvergarauria@gmail.com,729203589,9471848888,Glorieta Amando Alberola 6,Mambrilla de Castrejón,09317,Burgos
Ruth de Pina,29634105-P,ruthdepina@gmail.com,711625375,9497891362,Alameda de José Manuel Figuerola 25 Apt. 99 ,Uceda,19187,Guadalajara
Cleto Calderon-Gracia,59624139-C,cletocalderongracia@gmail.com,743388940,,C. de Mauricio Jove 992 Apt. 06 ,Santa Elena,23213,Jaén
Gastón Otero Castellanos,55508766-Z,gastonoterocastellanos@hotmail.com,607194451,9869692475,Acceso Chus Castejón 73,Cuntis,36677,Pontevedra
Delia del Cid,96328384-Z,deliadelcid@yahoo.com,744572950,9216400416,Vial Ciro Casanovas 18 Apt. 82 ,Riaza,40500,Segovia
Sonia Selena Marin Guitart,42209464-W,soniaselenamaringuitart@hotmail.com,685178747,9237591117,Calle de Elodia Hidalgo 82 Apt. 16 ,Calzada de Valdunciel,37797,Salamanca
Amarilis Codina-Canet,74988612-X,amariliscodinacanet@yahoo.com,696618251,942142252,Cañada de Lino Mayo 57 Puerta 3 ,Abadiño,48220,Bizkaia
Malena Somoza Amaya,77107430-E,malenasomozaamaya@gmail.com,717972515,,Alameda de Eugenia Conesa 91 Puerta 7 ,Torrevieja,03183,Alacant
Chema Naranjo,70849729-T,chemanaranjo@yahoo.com,726580011,9864460340,Acceso María Pilar Barco 5,Cerdedo-Cotobade,36857,Pontevedra
Telmo Joan Bautista Isern,31430421-R,telmojoanbautistaisern@yahoo.com,721323320,9828499015,Pasadizo María Dolores Borrás 71 Puerta 1 ,Samos,27635,Lugo
Jordán Ballesteros,87621474-F,jordanballesteros@hotmail.com,666193692,9672192474,Via de Tito Crespo 73,Villarrobledo,02600,Albacete
Salud Yaiza Villena Osuna,58522645-L,saludyaizavillenaosuna@gmail.com,757619488,939642720,Rambla Isabel Viña 47 Piso 1 ,Fonollosa,08259,Barcelona
Cruz Carlos Larrea,67986329-P,cruzcarloslarrea@gmail.com,725325523,9581394311,Alameda de Maricruz Lledó 7 Piso 0 ,Moraleda de Zafayona,18370,Granada
Dulce Mercader-Benavente,37305118-S,dulcemercaderbenavente@yahoo.com,627580607,,Avenida de Osvaldo Malo 81,Madrid,28005,Madrid
Julie Barriga Serra,82240925-D,juliebarrigaserra@hotmail.com,774290186,9782524561,Cuesta de Silvio Aguilera 88,Aliaga,44150,Teruel
Román Pont Pera,19388383-G,romanpontpera@gmail.com,757421759,,Callejón Adrián Águila 27,Albuñuelas,18659,Granada
Trini Burgos Ayala,31322713-W,triniburgosayala@yahoo.com,624795213,911593085,Glorieta Ariel Díez 72 Puerta 2 ,Móstoles,28935,Madrid
Che Cazorla-Arregui,80504672-A,checazorlaarregui@hotmail.com,667502302,936855968,Ronda Marcial Nebot 986 Apt. 82 ,Matadepera,08230,Barcelona
Celso Leal Piquer,52849427-G,celsolealpiquer@gmail.com,759128743,,Rambla de Leoncio Iglesias 1 Apt. 23 ,Sant Celoni,08476,Barcelona
Dani Jaime Llopis Beltrán,49552615-N,danijaimellopisbeltran@hotmail.com,686966158,,Camino de Flora Frutos 68 Apt. 73 ,Fabero,24428,León
Dani de Saldaña,33187681-S,danidesaldana@gmail.com,620901535,,Callejón Pastor Neira 344 Apt. 71 ,Ciudad Rodrigo,37595,Salamanca
Ruth Solé Garcés,48679741-B,ruthsolegarces@hotmail.com,651343680,9813148407,Calle de Rodolfo Canals 22 Apt. 10 ,Vimianzo,15121,A Coruña
Chucho Artigas Llorente,48032008-G,chuchoartigasllorente@gmail.com,772952358,,Pasadizo de Petrona Carreño 9,Ribadavia,32400,Ourense
Salvador Angulo Castilla,96432343-J,salvadorangulocastilla@hotmail.com,688876080,9426319822,Via de Mireia Iñiguez 50,Herrerías,39549,Cantabria
Graciano Ponce Andrés,77880607-P,gracianoponceandres@yahoo.com,784391181,961974772,Plaza de Emiliano Cardona 57,Barxeta,46667,Valéncia
Juan Manuel Elías Díez,71420636-R,juanmanueleliasdiez@gmail.com,739728872,,Cuesta de Almudena Ferrera 49,Bolbaite,46822,Valéncia
Anselma Cal,21697929-M,anselmacal@hotmail.com,775553265,,Cañada Valero Rodriguez 781,Baztan,31700,Nafarroa
María Peláez Quintanilla,79337246-B,mariapelaezquintanilla@hotmail.com,657239468,9232750117,C. Carina Alvarado 67,Mozárbez,37183,Salamanca
Javier Pizarro Cortés,60289278-E,javierpizarrocortes@gmail.com,720473347,,Callejón de Salud Maza 21 Apt. 05 ,Quesada,23489,Jaén
Luciana Tania Pol Montalbán,64946177-L,lucianataniapolmontalban@gmail.com,653234278,,Rambla Otilia Cortina 399 Puerta 4 ,Cantalapiedra,37400,Salamanca
Candelario Ortiz-Baró,82743430-X,candelarioortizbaro@yahoo.com,790876014,,Camino de Felix Barriga 49 Piso 0 ,Villagatón,24368,León
María Fernanda Lina Ballesteros Tirado,75170445-M,mariafernandalinaballesterostirado@gmail.com,657029280,,Acceso de Rosa María Noriega 21,Benalmádena,29639,Málaga
Vinicio Segura Iglesia,65846002-S,vinicioseguraiglesia@gmail.com,663603518,,Callejón Pepito Bello 480 Puerta 7 ,Soto de la Vega,24768,León
Asunción Pombo Mascaró,71617395-H,asuncionpombomascaro@hotmail.com,791783376,,Glorieta Cándida Vigil 44,Palos de la Frontera,21810,Huelva
Trinidad Galvez Giménez,31262757-F,trinidadgalvezgimenez@gmail.com,782653643,,Callejón de Baudelio Diego 43,Toro,49836,Zamora
Alcides Vilaplana,39472451-N,alcidesvilaplana@yahoo.com,678923544,,Paseo Ximena Toro 853 Puerta 6 ,Monesterio,06260,Badajoz
Apolonia Simó,73039315-D,apoloniasimo@gmail.com,724391687,,Ronda de Ramona Flor 25,Oviedo,33005,Asturias
Irma Navarrete Valls,59018189-M,irmanavarretevalls@yahoo.com,754241223,9533373211,Cuesta de Coral Águila 23 Apt. 55 ,Benatae,23390,Jaén
Yago Hoz Montes,92907515-G,yagohozmontes@yahoo.com,641000433,9882721955,C. Estefanía Toledo 56,Castrelo do Val,32625,Ourense
Federico Roldán Rincón,54356378-H,federicoroldanrincon@hotmail.com,702485315,9470460214,Callejón de Hugo Martín 8,Miranda de Ebro,09200,Burgos
Trini Cózar-Alemán,38819381-G,trinicozaraleman@gmail.com,700386359,9260646447,Pasadizo de Nicolás Terrón 16,Castellar de Santiago,13750,Ciudad Real
Severino Pla Tapia,79515219-X,severinoplatapia@gmail.com,735714518,9833742865,Alameda Virgilio Rodrigo 204 Piso 5 ,Olmos de Esgueva,47173,Valladolid
Guillermo Redondo-Jaume,49704441-S,guillermoredondojaume@hotmail.com,793441170,,Paseo Cayetana Bueno 5,"Pernía, La",34849,Palencia
Pepito Suarez Borja,24495815-X,pepitosuarezborja@gmail.com,789780821,9240494988,Camino Fabiola Aznar 6 Puerta 6 ,Puebla de Obando,06191,Badajoz
Maura Salcedo Bastida,18743948-Y,maurasalcedobastida@hotmail.com,626732722,,Calle de Guillermo Adán 61 Puerta 7 ,Valdés,33780,Asturias
Severo Montero Escribano,50009814-V,severomonteroescribano@hotmail.com,636951577,9249916397,Ronda de Etelvina Cabeza 8 Apt. 93 ,Hoyocasero,05123,Ávila
Manuela Sáenz,66445830-A,manuelasaenz@gmail.com,752851718,9888972826,Cuesta de Ágata Beltrán 53 Piso 4 ,Xunqueira de Ambía,32678,Ourense
Abel Álvaro Sans,66438696-E,abelalvarosans@hotmail.com,656947341,9800310235,Avenida de Ximena Moles 4 Apt. 89 ,Espadañedo,49345,Zamora
Irene Benítez Rocamora,66223725-D,irenebenitezrocamora@hotmail.com,657571806,,Paseo Andrés Calatayud 534,Tomiño,36730,Pontevedra
Rodolfo Milla Larrañaga,30193870-E,rodolfomillalarranaga@yahoo.com,621940092,,Acceso Moisés Nuñez 9,Villahermosa,13332,Ciudad Real
Xavier Rincón Perera,41564807-N,xavierrinconperera@yahoo.com,746902304,,Pasadizo Gervasio Machado 11,Miravet,43747,Tarragona
Amor del Campo,92139310-E,amordelcampo@hotmail.com,601316721,9813323211,Glorieta de Mateo Moliner 84,Carballo,15105,A Coruña
Ignacia de Benítez,50235966-X,ignaciadebenitez@gmail.com,633405415,,Plaza Chus Juliá 55,Sarria,27392,Lugo
Yolanda Barón Gómez,69402572-A,yolandabarongomez@hotmail.com,605374670,,Paseo de Celestino Salcedo 1 Puerta 9 ,Mosqueruela,44410,Teruel
Lucila Salvador Mascaró,84859282-T,lucilasalvadormascaro@yahoo.com,695057033,9269447184,Rambla de Florentino Rivas 65,Hinojosas de Calatrava,13590,Ciudad Real
Loida Crespi Solís,77575073-Y,loidacrespisolis@yahoo.com,604972595,,Camino de María Dolores Andrade 45,Torrecilla del Rebollar,44221,Teruel
Blas Gisbert,21774073-L,blasgisbert@hotmail.com,676608586,,Pasaje Cintia Cabrera 6,Torrefarrera,25123,Lleida
Rosendo Simó-Beltrán,54907360-N,rosendosimobeltran@hotmail.com,735303998,9485596400,Urbanización Etelvina Maestre 22 Piso 4 ,Eratsun,31748,Nafarroa
Osvaldo Lucas Sevillano Ríos,23825441-V,osvaldolucassevillanorios@yahoo.com,753549491,,Ronda Manu Lobo 30,"Palomar, el",46891,Valéncia
Gil Rivera Oliva,65636933-Q,gilriveraoliva@hotmail.com,759319760,,Avenida Josefina Ferrández 21 Piso 3 ,Villagatón,24369,León
Dan Sevillano Cid,30517199-V,dansevillanocid@yahoo.com,793601434,9593963479,C. de Ariadna Corral 105 Piso 7 ,San Bartolomé de la Torre,21510,Huelva
Cleto Samu Fabra Cózar,98557227-L,cletosamufabracozar@hotmail.com,683074126,,Calle Reynaldo Bosch 909,Camaleño,39587,Cantabria
Noa Encarna Prado Martí,15210270-W,noaencarnapradomarti@yahoo.com,677682080,,Cuesta de Felicidad Lamas 88 Piso 7 ,Girona,17007,Girona
Emilio Sotelo Nicolau,80680719-P,emiliosotelonicolau@gmail.com,622200695,9450195249,Vial Martirio Gelabert 87,Vitoria-Gasteiz,01006,Álava
Demetrio Francisco Mur Chaves,58820700-V,demetriofranciscomurchaves@gmail.com,613712549,989350237,Calle de Iris Soria 3,Llanes,33500,Asturias
José Luis Salvador Torrecilla,87252828-M,joseluissalvadortorrecilla@gmail.com,696067640,9722837815,Ronda Manuelita Andrés 45,Osor,17161,Girona
Melania Milla Palau,20075946-M,melaniamillapalau@gmail.com,663309154,9778480524,Acceso Emiliana Barros 91 Puerta 1 ,"Perelló, El",43519,Tarragona
Plinio Peral-Porta,79410946-L,plinioperalporta@yahoo.com,751287599,9257314496,Calle de Dionisia Alberdi 56,Villanueva de Alcardete,45810,Toledo
Marina Riquelme Llorens,26894352-S,marinariquelmellorens@gmail.com,614717919,,Plaza María José Trillo 465 Puerta 5 ,Taroda,42216,Soria
León Blázquez-Daza,93370238-J,leonblazquezdaza@hotmail.com,629744797,9230862106,Glorieta Pancho Durán 604 Puerta 2 ,Moronta,37216,Salamanca
Josefina Serrano Blanca,39814486-Z,josefinaserranoblanca@yahoo.com,791215932,,Calle de Ana Serra 70,"Coruña, A",15170,A Coruña
Gabriel del Torralba,75044909-A,gabrieldeltorralba@gmail.com,796852744,,Vial Adelaida Simó 50 Puerta 7 ,Frigiliana,29789,Málaga
Carlota Calderon,91991753-X,carlotacalderon@hotmail.com,729174236,9815105171,Cuesta Candelaria Valenzuela 869 Piso 5 ,Ortigueira,15367,A Coruña
Águeda Mendoza,19590104-S,aguedamendoza@yahoo.com,708922329,,Via de Guillermo Egea 25 Apt. 86 ,Cortes de Pallás,46199,Valéncia
Valentina Arellano Arnau,77156402-G,valentinaarellanoarnau@hotmail.com,721758487,,Callejón de Ulises Sobrino 15 Apt. 86 ,Hormilleja,26223,La Rioja
Guadalupe Carlito Ortuño Prado,49747651-P,guadalupecarlitoortunoprado@gmail.com,610621790,9249393255,Vial de Valero Fabregat 81 Puerta 6 ,Campillo de Llerena,06443,Badajoz
Silvia Alonso-Jordá,70463790-R,silviaalonsojorda@gmail.com,633939782,954760791,Calle de Georgina Gascón 231,Olivares,41804,Sevilla
Anna Cuevas Campoy,64361466-Z,annacuevascampoy@hotmail.com,676187549,,Camino Macarena Borrell 598 Puerta 6 ,Navaleno,42149,Soria
Flora Montaña-Uría,34043495-E,floramontanauria@gmail.com,721606713,989309093,Glorieta Manola Vigil 32 Piso 9 ,San Martín del Rey Aurelio,33945,Asturias
Remigio Cornejo Ballesteros,94690543-A,remigiocornejoballesteros@yahoo.com,689450600,,Urbanización Carmelita Cifuentes 2,Valencia,46002,Valéncia
Toño Clavero Aliaga,85980181-V,tonoclaveroaliaga@yahoo.com,642882353,9865481924,Paseo Alfredo Piñol 38 Piso 8 ,Fornelos de Montes,36848,Pontevedra
Natanael Carbonell Maldonado,68674356-J,natanaelcarbonellmaldonado@gmail.com,622880093,9478789518,Pasadizo de Herberto Company 793,Jurisdicción de Lara,09651,Burgos
Mateo Barral Valdés,38839427-V,mateobarralvaldes@hotmail.com,617896692,9877686039,Ronda de Manola Crespi 60,Onzonilla,24347,León
Ramona Benet Sancho,68243452-Z,ramonabenetsancho@hotmail.com,694064822,910044789,C. Graciana Checa 9 Piso 5 ,Torrejón de Velasco,28990,Madrid
Gerardo Borja Hernando,97256331-A,gerardoborjahernando@yahoo.com,699302418,968386509,Urbanización de Francisco Jurado 65,Corbera,46612,Valéncia
Tamara Atienza Ramón,85085179-Z,tamaraatienzaramon@hotmail.com,764817116,941577667,Glorieta Fabián Sureda 3,Karrantza Harana/Valle de Carranza,48891,Bizkaia
Juanita Salud Gonzalo Alonso,83526801-R,juanitasaludgonzaloalonso@hotmail.com,792439391,,Avenida Loreto Llobet 62 Puerta 7 ,Viñuela,29712,Málaga
Anastasia Edelmira Ramos Nicolás,98973414-K,anastasiaedelmiraramosnicolas@yahoo.com,775404892,9802846640,Urbanización José Ángel Moya 24 Puerta 5 ,Benavente,49600,Zamora
Nuria Garcés Hidalgo,42123148-M,nuriagarceshidalgo@yahoo.com,660593408,,Vial de Bartolomé Sanz 89,Vilamartín de Valdeorras,32340,Ourense
Otilia Alarcón Alberto,48228571-D,otiliaalarconalberto@gmail.com,630163338,9815082068,Avenida María Cristina Moll 91 Apt. 90 ,Cabana de Bergantiños,15149,A Coruña
Marita Yuste Mayoral,96669796-Z,maritayustemayoral@hotmail.com,797937813,,Acceso de Sol Rubio 39 Piso 7 ,Uceda,19188,Guadalajara
Lupe Gomis Borja,70481072-X,lupegomisborja@hotmail.com,758123065,9786897173,Pasaje de Cirino López 55 Apt. 94 ,Gúdar,44433,Teruel
Gil Alemán Jimenez,13985409-Y,gilalemanjimenez@gmail.com,670887181,,Calle de Adolfo Aroca 11 Apt. 58 ,Maó-Mahón,07701,Illes Balears
Francisco Javier Losada-Gilabert,25427379-M,franciscojavierlosadagilabert@hotmail.com,606615903,,Ronda América Diéguez 703 Piso 3 ,Ponferrada,24400,León
Isaac Expósito Bermejo,36042098-V,isaacexpositobermejo@gmail.com,734750814,9821719424,Pasaje de María Del Carmen Egea 3 Piso 8 ,Baralla,27686,Lugo
Laura Tapia Urrutia,78440795-P,lauratapiaurrutia@hotmail.com,724505206,9785146882,Paseo de Eutropio Toro 658 Piso 9 ,Foz-Calanda,44579,Teruel
Gala Vara Juárez,84851670-R,galavarajuarez@gmail.com,706085739,,Paseo Olivia Mulet 76 Apt. 22 ,Alicante/Alacant,03115,Alacant
Manolo de Sánchez,56326666-B,manolodesanchez@yahoo.com,642670503,9504248996,Pasadizo de Julieta Cañizares 74,Orxeta,03579,Alacant
Abilio Lluch-Mosquera,19792088-J,abiliolluchmosquera@hotmail.com,618533534,,Rambla Timoteo Arnaiz 16,Villa de Otura,18650,Granada
Marco Cuesta,77294745-W,marcocuesta@gmail.com,624514226,9252750278,Alameda de Tristán Lucena 83 Puerta 5 ,Quero,45790,Toledo
Leandro Tolosa Agullo,99057335-S,leandrotolosaagullo@hotmail.com,710431997,,Urbanización de Patricia Hernández 37,Puiggròs,25420,Lleida
Valero Carrillo,55415784-K,valerocarrillo@gmail.com,669438934,988368004,Callejón de Clemente Ródenas 33 Puerta 5 ,Allande,33880,Asturias
Felix Arévalo Cordero,43626220-G,felixarevalocordero@hotmail.com,613367077,9580608608,Via Sigfrido Camino 46 Piso 7 ,Alhama de Granada,18125,Granada
Leticia Madrigal Franch,70703958-A,leticiamadrigalfranch@hotmail.com,618457748,,Glorieta de Jesusa Riera 486,Huelva,21003,Huelva
Renata Gelabert Cruz,61046531-T,renatagelabertcruz@hotmail.com,760777609,,Glorieta de Eligia Arnal 79,Abenójar,13180,Ciudad Real
Manuelita Catalán,27223991-H,manuelitacatalan@hotmail.com,757808375,9233255494,Rambla Nerea Frutos 662,Villalba de los Llanos,37446,Salamanca
Jose Antonio Zorrilla Duque,38799068-T,joseantoniozorrilladuque@gmail.com,679311308,9822283146,Pasadizo de Verónica Beltran 23 Puerta 1 ,Portomarín,27212,Lugo
Ibán Royo Gálvez,59352474-P,ibanroyogalvez@hotmail.com,758182938,9588108418,Ronda de Carla Puga 486 Puerta 2 ,Ítrabo,18612,Granada
Flora Martínez Feijoo,39301493-J,floramartinezfeijoo@gmail.com,734365304,,Pasadizo Águeda Fernandez 88 Apt. 32 ,Guntín,27183,Lugo
Aroa Tomas,95469153-V,aroatomas@gmail.com,732576327,9276181389,Ronda de Crescencia Jerez 47 Puerta 4 ,Ladrillar,10625,Cáceres
Nazario Vizcaíno-España,14376680-R,nazariovizcainoespana@yahoo.com,708868429,9598681907,Vial de Nydia Sanmartín 34 Apt. 85 ,Almonte,21760,Huelva
Enrique Gomez Téllez,30781774-T,enriquegomeztellez@gmail.com,788302325,981856571,Alameda Benita Vilanova 825,Grado,33825,Asturias
Timoteo Niño Caballero,48798153-L,timoteoninocaballero@yahoo.com,771551324,9593661390,Cañada Petrona Zorrilla 39 Apt. 53 ,Minas de Riotinto,21667,Huelva
Calisto del Santos,42129968-V,calistodelsantos@gmail.com,673276674,,Callejón Fabricio Almazán 56,Zamora,49016,Zamora
Jose Angel Lucas-Mayol,61493132-X,joseangellucasmayol@yahoo.com,623396935,9815186366,Rambla de Nidia Beltran 2,Zas,15656,A Coruña
Mar Barral Expósito,80469345-G,marbarralexposito@hotmail.com,765895139,,Paseo Dora Bertrán 43,San Roque de Riomiera,39726,Cantabria
Ale de Mulet,46850633-R,aledemulet@yahoo.com,633335308,,Ronda Lucía Amigó 99,Valencia,46017,Valéncia
Norberto Salas-Garmendia,42412712-E,norbertosalasgarmendia@hotmail.com,693501916,9889130442,C. Gabino Casals 57 Piso 7 ,Leiro,32429,Ourense
Edu Morales Carreño,20638593-A,edumoralescarreno@yahoo.com,619619675,9868217353,Rambla Jennifer Capdevila 48 Puerta 8 ,Arbo,36494,Pontevedra
Erasmo Escudero-Rosell,21368056-K,erasmoescuderorosell@yahoo.com,751285070,9247356904,Camino Consuelo Reina 80 Apt. 27 ,Alconera,06393,Badajoz
Emilia Roca Crespi,95916331-Y,emiliarocacrespi@hotmail.com,725203642,,Cuesta María Dolores Bermudez 75,Villardefrades,47860,Valladolid
Esperanza del Sedano,20802386-J,esperanzadelsedano@yahoo.com,742512322,,Urbanización de Mohamed Alsina 474,Madrid,28025,Madrid
Alfredo Ferrando-Murcia,61935729-H,alfredoferrandomurcia@gmail.com,757614558,9763191983,Urbanización Horacio Caparrós 50,Biota,50695,Zaragoza
Nazaret Bayo Guillén,19950234-B,nazaretbayoguillen@yahoo.com,720761300,9717600269,Alameda de Ricardo Fiol 911 Apt. 71 ,Marratxí,07141,Illes Balears
Brígida Silvia Salamanca Adán,60195424-P,brigidasilviasalamancaadan@gmail.com,622187525,9248904419,Alameda de Julián Guitart 253 Piso 1 ,Navalmoral,05120,Ávila
Paca Solsona Ledesma,62063205-M,pacasolsonaledesma@hotmail.com,614620280,,Rambla de Remigio Sales 410,Madrid,28028,Madrid
Andrés de Royo,78154943-T,andresderoyo@gmail.com,638084577,,Glorieta Rosalinda Figueras 9 Apt. 57 ,Huesca,22080,Huesca
Nacho Bonilla Carretero,77928885-D,nachobonillacarretero@yahoo.com,690554182,9531591620,Pasadizo Charo Franch 419 Piso 5 ,Mancha Real,23100,Jaén
Juan Antonio Hervia Villalobos,21867561-N,juanantonioherviavillalobos@hotmail.com,634588649,,Pasaje de Pía Ferrándiz 89,Blascomillán,05146,Ávila
Lucho Campoy Poza,18204578-D,luchocampoypoza@yahoo.com,750555280,,Cuesta Fidel Acero 5,Valencia,46019,Valéncia
Nicodemo Bonilla-Pastor,63972071-D,nicodemobonillapastor@yahoo.com,737673678,9814911403,Vial Chuy Ureña 2,"Pontes de García Rodríguez, As",15327,A Coruña
Custodia Estévez Capdevila,75261256-N,custodiaestevezcapdevila@yahoo.com,665969763,,Pasaje Miguela Vázquez 899,Barrax,02639,Albacete
Valentina Ribes Guijarro,58651027-S,valentinaribesguijarro@yahoo.com,715259572,,Alameda de Lucas Saez 631,Tui,36720,Pontevedra
Jesús Zurita,75259287-K,jesuszurita@yahoo.com,632717019,,Cañada de Guadalupe Cerro 54 Apt. 92 ,Algerri,25130,Lleida
Ramiro del Checa,63895505-X,ramirodelcheca@gmail.com,704363677,9214787084,Camino de Ofelia Jover 60 Puerta 1 ,Martín Muñoz de la Dehesa,40466,Segovia
Remigio Barriga Fuertes,76856953-S,remigiobarrigafuertes@hotmail.com,704492678,,Paseo de Ana Belén Aragonés 54 Piso 3 ,Palomas,06476,Badajoz
Alma Haydée Costa Nevado,43117058-Q,almahaydeecostanevado@hotmail.com,658881289,9783728445,Vial de Dafne Moliner 99 Apt. 32 ,Villarquemado,44380,Teruel
Mateo Amaya Carrera,35984711-S,mateoamayacarrera@gmail.com,650387764,,Cañada de Ariadna Velasco 47,Sevilla,41019,Sevilla
Joel Ernesto Patiño Exposito,65474648-L,joelernestopatinoexposito@yahoo.com,768961225,,C. Adelia Jáuregui 3 Piso 3 ,Porzuna,13120,Ciudad Real
Rosa María Borrás Pintor,37141932-Z,rosamariaborraspintor@gmail.com,705090821,9825979333,Pasaje Esperanza Lucena 7 Apt. 95 ,Becerreá,27649,Lugo
Encarnita Tejedor Cal,26530708-R,encarnitatejedorcal@hotmail.com,779600727,,Calle Leocadio Luís 5,San Miguel del Arroyo,47164,Valladolid
María Jesús Atienza Diéguez,72501288-K,mariajesusatienzadieguez@hotmail.com,706165141,,Avenida de Basilio Gras 34 Piso 4 ,Cádiz,11010,Cádiz
Sosimo Serna Mariño,39822969-X,sosimosernamarino@hotmail.com,747568679,,Via Ángela Gutiérrez 625,Formentera,07871,Illes Balears
Reina Oller Alcázar,82014276-W,reinaolleralcazar@gmail.com,720733981,9729105348,Vial Josep Cortes 18,Santa Cristina d'Aro,17246,Girona
Filomena del Cortes,80281338-E,filomenadelcortes@hotmail.com,662634143,9826384550,Pasadizo Amor Paniagua 48,Antas de Ulla,27576,Lugo
Rodolfo Quintero Clemente,18175076-Q,rodolfoquinteroclemente@hotmail.com,691688981,,Ronda Nydia Andrade 115 Apt. 47 ,Oliva de la Frontera,06120,Badajoz
Sabina Rozas Diaz,79405829-P,sabinarozasdiaz@hotmail.com,654970731,9476753305,Urbanización de Jose Antonio Casals 15,Cuevas de San Clemente,09641,Burgos
Liliana Iriarte Infante,69384856-C,lilianairiarteinfante@gmail.com,780972263,,Urbanización Santos Ros 4 Apt. 77 ,Murcia,30151,Murcia
Juan Manuel Iniesta Escolano,67514706-T,juanmanueliniestaescolano@yahoo.com,749707367,,Cuesta Armando Conde 78,Abadín,27843,Lugo
Rita Asensio Piñol,67255005-S,ritaasensiopinol@hotmail.com,679295408,931412114,Ronda de Fulgencio Puga 48 Puerta 3 ,Seva,08553,Barcelona
Gabriela de Peinado,66950340-P,gabrieladepeinado@hotmail.com,621968167,9860925295,Glorieta Artemio Estévez 338 Puerta 1 ,Pontevedra,36143,Pontevedra
Osvaldo Tudela Castejón,13590891-F,osvaldotudelacastejon@hotmail.com,609744737,,Glorieta Severo Barranco 72,Cádiz,11007,Cádiz
Dulce Gascón Cuevas,29716566-Z,dulcegasconcuevas@hotmail.com,751330103,,Paseo de Cándido Ponce 77,Cabanas,15621,A Coruña
Francisca Alarcón-Morera,16012022-C,franciscaalarconmorera@hotmail.com,732843086,,Acceso de Glauco Zamora 407,Valle de Mena,09569,Burgos
Pili Cañellas Solera,93165918-W,pilicanellassolera@gmail.com,605229551,,Avenida Flor Coloma 505,Valdepiélago,24846,León
Dominga Mata-Marí,61808049-B,domingamatamari@gmail.com,724187052,,Plaza Jennifer Blanca 76 Puerta 9 ,Miengo,39318,Cantabria
Petrona Barberá,99952691-G,petronabarbera@gmail.com,670628116,,Paseo Anastasia Soriano 417,Vilar de Santos,32651,Ourense
Jeremías Saavedra,70337128-T,jeremiassaavedra@hotmail.com,613419267,,Pasadizo María José Cámara 3,Rágol,04440,Almería
Carmen Gonzalez Vazquez,34334482-J,carmengonzalezvazquez@hotmail.com,647984495,9889438055,Cuesta Clementina Rebollo 52 Piso 4 ,Carballeda de Valdeorras,32330,Ourense
Prudencio Gómez Lago,35855104-J,prudenciogomezlago@hotmail.com,677047442,9505377506,Glorieta de Fortunato Ferrán 2,Castell de Castells,03793,Alacant
Candelas Palmer Villegas,81964749-V,candelaspalmervillegas@gmail.com,689673330,9814678441,Cañada Anacleto Ferrer 21,Teo,15866,A Coruña
Ángela Almagro-Aznar,14694071-S,angelaalmagroaznar@gmail.com,789933281,9711334339,Glorieta de Salomón Posada 54 Apt. 92 ,Felanitx,07208,Illes Balears
Anastasio Aníbal Baños Ramírez,60682997-G,anastasioanibalbanosramirez@yahoo.com,631333768,,Callejón de Luisa Gallart 91,Martínez,05152,Ávila
Paola América Gelabert Tejero,59876966-P,paolaamericagelaberttejero@hotmail.com,688750816,9222806467,Ronda de Urbano Borrego 558 Apt. 16 ,Santiago del Teide,38684,Sta. Cruz de Tenerife
Gonzalo Lago,60708078-S,gonzalolago@hotmail.com,796345797,,Plaza Celia Velázquez 25 Puerta 4 ,Guntín,27234,Lugo
Rosendo José Ángel Segarra Castrillo,51115800-W,rosendojoseangelsegarracastrillo@gmail.com,684397834,,Calle Juan Luis Alba 34 Piso 2 ,Oyón-Oion,01322,Álava
Lucía Garcés-Escribano,22191485-G,luciagarcesescribano@yahoo.com,655562975,,Cañada Amaro Clemente 56,Entrambasaguas,39719,Cantabria
Emelina Pedrosa Armengol,83948121-F,emelinapedrosaarmengol@yahoo.com,644032812,9589527008,Vial de Magdalena Escamilla 301,Moclín,18249,Granada
Hernán Rocamora-Valderrama,99196351-L,hernanrocamoravalderrama@hotmail.com,776021778,,Vial de Celia Antúnez 67,Castro del Río,14858,Córdoba
Chus Isidro Nieto Acuña,71476194-Z,chusisidronietoacuna@yahoo.com,691203556,9580926460,Vial de Lucas Llorens 98 Piso 2 ,Granada,18003,Granada
Violeta Boix Miró,30660373-Q,violetaboixmiro@yahoo.com,783704309,9724159073,Paseo de Hortensia Clavero 795 Apt. 00 ,Figueres,17600,Girona
Estefanía Tomás-Núñez,75516061-T,estefaniatomasnunez@yahoo.com,616971979,9422389156,Vial Eduardo Reina 99,Campoo de Yuso,39294,Cantabria
Juana Villalba-Ariño,37056717-Z,juanavillalbaarino@gmail.com,727803615,9795698873,Pasadizo de Emelina Segura 5 Apt. 75 ,Triollo,34844,Palencia
Joan Bayón Blázquez,94427569-B,joanbayonblazquez@yahoo.com,675412210,,Camino Teo Cabello 10 Puerta 2 ,Ávila,05002,Ávila
Edmundo Guzmán Amores,50449614-B,edmundoguzmanamores@gmail.com,720761194,9689227135,Glorieta Basilio Ferrán 35 Piso 9 ,Librilla,30892,Murcia
Germán Zapata Pizarro,57622036-K,germanzapatapizarro@gmail.com,687100141,,Calle de Nuria Carrillo 17,Villafranca de los Caballeros,45730,Toledo
Reyna Milla,28877940-Z,reynamilla@yahoo.com,766943030,9833136598,Plaza Perlita Sánchez 44 Piso 9 ,Cubillas de Santa Marta,47290,Valladolid
Amando Espejo Riquelme,34479985-H,amandoespejoriquelme@yahoo.com,767177447,9685533749,Callejón de Ainara Costa 352,Murcia,30168,Murcia
Cirino Noriega Navarrete,37574953-Z,cirinonorieganavarrete@gmail.com,747451793,9200080964,Cañada de Duilio Calatayud 42,Serón,04890,Almería
Gilberto Diaz Segarra,97014020-C,gilbertodiazsegarra@yahoo.com,603032516,,Plaza de Plinio Valderrama 6,Granada,18015,Granada
Otilia Aller-Ferrer,67395866-R,otiliaallerferrer@gmail.com,695744628,9685452078,Pasaje Gabriela Haro 92 Piso 4 ,Murcia,30331,Murcia
Gaspar Moles Teruel,44767498-E,gasparmolesteruel@yahoo.com,793728499,,Plaza Tito Bueno 32 Apt. 58 ,Alonsotegi,48810,Bizkaia
Tecla de Torrijos,15846557-V,tecladetorrijos@yahoo.com,715264280,,Acceso de Daniela Suarez 32 Piso 8 ,"Oliva, La",35650,Las Palmas
Teófila Montes,79582667-E,teofilamontes@hotmail.com,641013049,,Cuesta de Lidia Infante 3 Puerta 2 ,Torrecuadradilla,19431,Guadalajara
Remigio Navas Solé,75173743-Z,remigionavassole@hotmail.com,643189343,,Via de Macario Terrón 46 Apt. 55 ,Soraluze-Placencia de las Armas,20590,Gipuzkoa
Custodio Menéndez Ugarte,83796584-V,custodiomenendezugarte@hotmail.com,771866815,911488432,Plaza Amor Gracia 946 Apt. 13 ,Pozuelo de Alarcón,28223,Madrid
Remigio Izaguirre Almazán,13468235-X,remigioizaguirrealmazan@gmail.com,681542839,9589253179,C. Jose Ignacio Barón 36,"Guájares, Los",18165,Granada
Eliana Prat Fortuny,63484743-M,elianapratfortuny@hotmail.com,747886840,,Acceso Edelmiro Saldaña 17,Padrón,15980,A Coruña
Eligia Garmendia,13093361-J,eligiagarmendia@gmail.com,628718226,983974203,Plaza de Virgilio Saldaña 3 Puerta 9 ,Corvera de Asturias,33416,Asturias
Aroa Elisa Tena Barriga,91172950-F,aroaelisatenabarriga@yahoo.com,746769182,930736724,Avenida de Angelino Luque 390,Vilalba Sasserra,08455,Barcelona
Victoria Burgos,49630559-D,victoriaburgos@yahoo.com,624354033,9688891159,Vial Fito Campos 3 Apt. 63 ,Lorca,30817,Murcia
Catalina Román Martinez,54166281-Q,catalinaromanmartinez@yahoo.com,693183725,,Vial Paulino Perales 5 Piso 0 ,Ribeira de Piquín,27244,Lugo
Emilia Beltran Toro,80108078-K,emiliabeltrantoro@gmail.com,716056025,9826665800,Pasadizo Cesar Barberá 3 Apt. 91 ,Cervo,27889,Lugo
Teófila Vera Jover,48553755-L,teofilaverajover@yahoo.com,660061045,9247722942,Acceso de Febe Guitart 65 Apt. 67 ,Bienvenida,06250,Badajoz
Florencio Lopez Gonzalez,64962500-N,florenciolopezgonzalez@gmail.com,705487930,9883469240,Paseo Hector Mur 6 Piso 2 ,Ourense,32980,Ourense
Heriberto Pujol Benet,96972733-H,heribertopujolbenet@gmail.com,703886691,,Vial de Agustín Busquets 20,Molló,17868,Girona
Plinio Borrell-Martinez,32108975-D,plinioborrellmartinez@gmail.com,647600879,,Urbanización Azahar Rodríguez 25 Piso 0 ,"Teixeira, A",32765,Ourense
Jordán Ferrando Alba,43614299-C,jordanferrandoalba@hotmail.com,681148802,,Alameda Melchor Fuente 648 Apt. 35 ,"Pesga, La",10649,Cáceres
Reynaldo Cuevas-Cortes,50495637-B,reynaldocuevascortes@gmail.com,704558134,,Paseo Marta Valera 90 Puerta 8 ,Guriezo,39778,Cantabria
Emilia Iglesia Murillo,95256236-B,emiliaiglesiamurillo@gmail.com,670086084,9575719220,Alameda Eulalia Villalba 8,Córdoba,14003,Córdoba
Pepe Maximino Arias Uría,39966200-C,pepemaximinoariasuria@gmail.com,679613021,,Cañada Candela Lumbreras 68,Soria,42152,Soria
Rosendo Mínguez Corral,87594159-Q,rosendominguezcorral@gmail.com,655960971,9744102162,Acceso de María Pozo 454 Puerta 1 ,Ballobar,22234,Huesca
Consuela de Pino,59086434-D,consueladepino@yahoo.com,670087819,9589849567,C. de Amelia Pacheco 95,Castril,18816,Granada
Ciríaco Díez Donoso,93560320-T,ciriacodiezdonoso@yahoo.com,716630263,,Callejón Ainoa Vizcaíno 62 Apt. 77 ,Torrox,29796,Málaga
Clementina Batlle González,22787372-F,clementinabatllegonzalez@yahoo.com,669548635,,Callejón de Manuela Carmona 36 Apt. 11 ,Vadillo,42144,Soria
Felisa Rodrigo Roselló,54060613-X,felisarodrigorosello@yahoo.com,669075108,,Glorieta de Lalo Iñiguez 89 Puerta 0 ,Alaró,07340,Illes Balears
Ligia Cueto Urrutia,55624848-S,ligiacuetourrutia@hotmail.com,670773951,,Camino de Albina Morata 13 Apt. 92 ,Corral de Almaguer,45880,Toledo
Bautista Bosch Busquets,65479219-J,bautistaboschbusquets@hotmail.com,719904082,,Cuesta de Pepe Palomares 29 Apt. 74 ,Riaño,24918,León
Fernanda Vilaplana-Fiol,52276670-Q,fernandavilaplanafiol@gmail.com,618673071,938513214,Glorieta Araceli Sanmartín 660 Piso 1 ,Pontons,08738,Barcelona
Marcela de Egea,94023777-F,marceladeegea@yahoo.com,786971460,9870107675,Plaza de Baldomero Guitart 10,Riello,24127,León
Máximo Hernandez Royo,49873494-H,maximohernandezroyo@gmail.com,738096232,,Rambla Manu Cases 5 Apt. 89 ,Foradada del Toscar,22337,Huesca
Jose Pedro Sales,45822517-P,josepedrosales@yahoo.com,663259625,9429353223,Via de Rosario Carbó 78 Puerta 4 ,Peñarrubia,39580,Cantabria
Rafaela Oliver-Cano,49207140-C,rafaelaolivercano@gmail.com,798229478,9733779157,Pasaje Jose Ignacio Torrijos 44,"Baronia de Rialb, La",25747,Lleida
Miguel Morillo Alarcón,39732452-K,miguelmorilloalarcon@hotmail.com,644264505,9687561581,Alameda de Aránzazu Arias 27,Cartagena,30350,Murcia
Rufina Mateos Martí,26165823-B,rufinamateosmarti@gmail.com,697365463,9482855343,Cañada de Mirta Valverde 21,Saldías,31747,Nafarroa
Celso Garay,47305917-T,celsogaray@gmail.com,720730658,9279285132,Cuesta de Marcela Baena 96,Caminomorisco,10630,Cáceres
Salud Goñi Tapia,96414701-N,saludgonitapia@hotmail.com,764209915,9593217315,Ronda Lorena Baños 152,Paterna del Campo,21880,Huelva
Alondra Tejada Vazquez,78672675-W,alondratejadavazquez@hotmail.com,756861866,,Acceso de Chucho Agullo 50 Apt. 50 ,"Saviñao, O",27543,Lugo
Quirino Vallejo,51177895-C,quirinovallejo@gmail.com,719128616,969822430,Vial Celso Molins 41 Puerta 6 ,Massamagrell,46130,Valéncia
Maxi Bartolomé Hernández,74370796-C,maxibartolomehernandez@hotmail.com,763086515,,Rambla de José Verdugo 699,Rellinars,08299,Barcelona
Celestina Rosselló Arnaiz,27009656-C,celestinarosselloarnaiz@hotmail.com,627693891,9781875862,Plaza Mayte Oliver 4 Apt. 54 ,Formiche Alto,44440,Teruel
Andrés Poza-Chaves,66139405-F,andrespozachaves@hotmail.com,613931288,931324665,Via de Amaro Zaragoza 40 Puerta 3 ,Sant Antoni de Vilamajor,08459,Barcelona
Loida Angelita García Falcón,66140804-A,loidaangelitagarciafalcon@yahoo.com,728620077,968486890,Via Pánfilo Alfaro 9,Bétera,46117,Valéncia
Reina Pujadas Sáez,15637251-B,reinapujadassaez@yahoo.com,648965376,9475831244,Cañada de Valentina Mas 721 Puerta 3 ,Merindad de Sotoscueva,09568,Burgos
Vilma Hernandez Talavera,93946767-R,vilmahernandeztalavera@gmail.com,667566204,,Cuesta Abigaíl Moles 257 Puerta 7 ,Aiguaviva,17181,Girona
José Ángel Requena Criado,55488542-F,joseangelrequenacriado@hotmail.com,711681350,,Avenida de Chus Peña 4 Apt. 58 ,Becerreá,27661,Lugo
Heraclio Luján Sáenz,18220833-A,heracliolujansaenz@yahoo.com,745227459,,Cañada Cornelio Feijoo 740 Piso 7 ,Aldeanueva de la Serrezuela,40532,Segovia
Josué Laguna Ramos,62875738-V,josuelagunaramos@yahoo.com,751137749,,Callejón José María Bonet 3,Cortegada,32211,Ourense
Pacífica de Hidalgo,46061290-H,pacificadehidalgo@gmail.com,755693388,9887845391,Cuesta de Eleuterio Buendía 43,Vilardevós,32617,Ourense
Heriberto Casals,74033194-N,heribertocasals@hotmail.com,797375773,9588662120,Plaza de Purificación Luz 79,Montejícar,18561,Granada
Armando del Valenzuela,16868209-D,armandodelvalenzuela@hotmail.com,755488508,,Plaza Zaira Clavero 55 Piso 6 ,Novallas,50510,Zaragoza
Encarnita Pol Mateu,44042702-W,encarnitapolmateu@gmail.com,696832810,9803389400,Urbanización Pablo Valverde 66,Trefacio,49358,Zamora
Macario Arregui Chamorro,25775260-B,macarioarreguichamorro@gmail.com,679784485,,Via de Remigio Figueras 17,Larouco,32358,Ourense
Tere del Orozco,38727286-R,teredelorozco@gmail.com,605584797,,Ronda Jose Marco 575 Apt. 03 ,Quintanilla de Onsoña,34114,Palencia
Feliciana Monreal Gibert,65683065-X,felicianamonrealgibert@yahoo.com,634541095,,Acceso de Juanito Sarabia 2 Piso 7 ,Algeciras,11201,Cádiz
María José Nevado Rocamora,99854382-C,mariajosenevadorocamora@hotmail.com,688342239,,Acceso Cosme Aranda 606 Puerta 2 ,"Nava de Ricomalillo, La",45670,Toledo
Pedro Soria Piña,49837168-D,pedrosoriapina@gmail.com,607999123,938317089,Pasadizo de Alfredo Cerro 4 Puerta 0 ,Orís,08573,Barcelona
Salvador Villaverde-Hoz,42850288-T,salvadorvillaverdehoz@yahoo.com,630432886,,Vial de Elena Solé 37,Buenavista,37789,Salamanca
Anita González León,23653420-J,anitagonzalezleon@hotmail.com,778994248,984990271,Pasadizo Adriana Casado 341,San Martín del Rey Aurelio,33947,Asturias
Saturnina Nieto Menéndez,91659657-B,saturninanietomenendez@gmail.com,766804878,9581770502,Cañada de Amalia Izquierdo 90 Piso 2 ,Dílar,18152,Granada
Fermín de Abellán,94547038-H,fermindeabellan@yahoo.com,604315678,,Vial Tere Alegria 44 Piso 9 ,Jerez de la Frontera,11591,Cádiz
Gustavo Saldaña Guardiola,98495414-F,gustavosaldanaguardiola@yahoo.com,735661610,,Pasaje Darío Ferrer 47,"Navalmorales, Los",45112,Toledo
Lisandro de León,95484800-R,lisandrodeleon@gmail.com,740609679,964020806,C. de Gerardo Domingo 723 Piso 4 ,Barx,46758,Valéncia
Charo de Carreño,31454672-X,charodecarreno@hotmail.com,787755677,9820185904,Avenida Lope Cano 19 Puerta 5 ,Guntín,27211,Lugo
Pepita Garzón,47205533-B,pepitagarzon@yahoo.com,664208005,9749706604,Urbanización de Candelario Artigas 74,Bailo,22761,Huesca
Vito Pepe Cepeda Neira,56641689-A,vitopepecepedaneira@gmail.com,618054045,,Ronda de Anselmo Mora 4 Puerta 5 ,Zaragoza,50015,Zaragoza
Urbano León Lobo,77412392-G,urbanoleonlobo@gmail.com,736615408,9818349012,Pasaje Amaya Conde 41 Apt. 18 ,"Baña, A",15862,A Coruña
Eliana Piñol Huerta,92453470-W,elianapinolhuerta@hotmail.com,683476406,,Calle de Guadalupe Bayón 50,Pizarra,29560,Málaga
Emilio de Villegas,62449659-J,emiliodevillegas@yahoo.com,700745685,9284344848,Pasadizo Emiliano Rozas 160 Apt. 87 ,Telde,35200,Las Palmas
Lucía Oller Mesa,71313667-M,luciaollermesa@hotmail.com,762325381,,Ronda de Gloria Olmedo 2,Torrejoncillo,10839,Cáceres
Melchor Ortuño Iniesta,16035451-N,melchorortunoiniesta@yahoo.com,794454958,,Vial de Angelina Ballester 4,Valverde del Majano,40140,Segovia
Calisto Bautista Gimeno,32465196-Y,calistobautistagimeno@yahoo.com,750880253,,Calle Paz Rodriguez 51 Piso 4 ,Castillejo de Mesleón,40593,Segovia
Amaya Andrade Luna,92999232-C,amayaandradeluna@yahoo.com,762752729,9410891831,Via Eloísa Chaves 6,Logroño,26004,La Rioja
Emilia Cañas Vicente,31853369-W,emiliacanasvicente@gmail.com,710428526,,Vial de Basilio Saavedra 23 Apt. 11 ,Madrigalejo del Monte,09330,Burgos
Basilio Seguí Armas,13035643-W,basilioseguiarmas@hotmail.com,654147141,,Urbanización Rosenda Carro 98,Fene,15627,A Coruña
Emigdio Viana Baena,64834419-H,emigdiovianabaena@hotmail.com,732791481,,Via Juana Perea 11 Apt. 70 ,San Sebastián de los Reyes,28709,Madrid
Cipriano Chico Cabello,15920768-F,ciprianochicocabello@gmail.com,753595160,967657488,Plaza de Iker Soler 533,Benissanó,46181,Valéncia
Cándido Estevez,39271825-S,candidoestevez@gmail.com,737888509,9780603900,Ronda Roque Avilés 93,"Puebla de Híjar, La",44511,Teruel
Amada Román Vizcaíno,18786853-Q,amadaromanvizcaino@hotmail.com,628049079,9225093127,Alameda de Roberto Bermudez 67 Apt. 05 ,Arona,38627,Sta. Cruz de Tenerife
Otilia Otero Egea,48593308-N,otiliaoteroegea@yahoo.com,609718100,,Cuesta Adalberto Segovia 9,Rellinars,08299,Barcelona
Flora Jimenez Chamorro,33944509-M,florajimenezchamorro@hotmail.com,769103563,9834757958,Camino de René Nicolau 13,Ventosa de la Cuesta,47232,Valladolid
Jaime del Barba,18773118-N,jaimedelbarba@gmail.com,625683757,9803172687,Callejón Augusto Cerdá 5 Piso 4 ,Santa Clara de Avedillo,49707,Zamora
Salud Fiol Guillen,51990021-Q,saludfiolguillen@hotmail.com,650561252,9878666991,Callejón de Leoncio Llobet 52,Valencia de Don Juan,24205,León
Duilio Pagès Acuña,45790694-V,duiliopagesacuna@yahoo.com,604071538,9830140629,Pasaje Cleto Olmedo 96 Piso 9 ,Ciguñuela,47191,Valladolid
Amílcar Alberola Pellicer,60881980-Z,amilcaralberolapellicer@gmail.com,740716354,9492268698,Cuesta Concepción Cobos 924 Apt. 28 ,Molina de Aragón,19362,Guadalajara
Gregorio Raya,36280314-E,gregorioraya@gmail.com,724883733,9764023728,Vial de Rosario Arnal 83 Apt. 32 ,Zaragoza,50011,Zaragoza
Benigno Laguna Poza,28058082-Z,benignolagunapoza@gmail.com,706289524,,Glorieta de Segismundo Barriga 3 Apt. 98 ,Polopos,18750,Granada
Maxi Adolfo Vidal Bayón,12087338-X,maxiadolfovidalbayon@hotmail.com,676615490,9878671440,Calle de Ana Sofía Otero 46 Piso 9 ,"Barrios de Luna, Los",24148,León
Benjamín Gascón Carmona,11338247-Y,benjamingasconcarmona@yahoo.com,714571527,,Glorieta de Chita Polo 77,Vallejera,34260,Palencia
Pastora Real Giralt,69964843-Q,pastorarealgiralt@hotmail.com,743539981,,Cañada Alicia Olmedo 954 Piso 0 ,Santa Eulàlia de Ronçana,08187,Barcelona
Ángeles Calvet Donoso,42572482-B,angelescalvetdonoso@yahoo.com,771329977,,Urbanización de Silvia Zabaleta 5,Pulgar,45125,Toledo
Bernardita Villalonga Solsona,87260486-G,bernarditavillalongasolsona@gmail.com,780351646,9798688718,Vial Jose Angel Revilla 3 Apt. 37 ,Olmos de Ojeda,34486,Palencia
Severino Hervia-Conde,50116055-K,severinoherviaconde@yahoo.com,786422922,9508279203,Paseo de Encarna Bustamante 945,Xaló,03727,Alacant
Noé Llanos Casas,27739807-J,noellanoscasas@gmail.com,641086663,9207634333,Pasaje de Jenaro Garcés 56,"Ejido, El",04716,Almería
Heraclio Moreno Llopis,82248188-G,heracliomorenollopis@yahoo.com,728685840,9416478821,Urbanización Fulgencio Galván 34,Calahorra,26500,La Rioja
Dafne Morata,58084111-A,dafnemorata@gmail.com,606980004,985973604,Alameda de Azahara Hervia 92 Puerta 9 ,Oviedo,33003,Asturias
Irene Seco,73698205-H,ireneseco@hotmail.com,678977601,9500879558,Rambla de Áurea Losada 94,Agres,03837,Alacant
Víctor Barral Borrell,84890193-E,victorbarralborrell@gmail.com,795929827,9577560108,Ronda Julio César Bautista 1 Puerta 8 ,Hornachuelos,14709,Córdoba
Isabel Belmonte Pozo,50406026-P,isabelbelmontepozo@gmail.com,731008778,956839781,Cuesta de Augusto Galván 4 Apt. 83 ,Istán,29611,Málaga
Chema Codina Castañeda,53951823-X,chemacodinacastaneda@yahoo.com,724608844,,Pasaje Arsenio Macias 81 Puerta 7 ,Guadalajara,19194,Guadalajara
Fortunata del López,58455145-R,fortunatadellopez@gmail.com,673623202,,Pasadizo Graciana Cantón 895,"Molares, Los",41750,Sevilla
Dionisia Oliva Villaverde,45736552-V,dionisiaolivavillaverde@hotmail.com,756645569,9694243413,Pasaje Dora Poza 720,Santa María del Campo Rus,16621,Cuenca
Alex del Mate,11205823-Q,alexdelmate@yahoo.com,725426929,,Glorieta de Débora Coll 79,Benidorm,03502,Alacant
Belén Sáez Rosa,69430212-C,belensaezrosa@yahoo.com,736699927,,Cañada de Amor Gil 56,Pozoantiguo,49835,Zamora
Eustaquio Alfonso-Agullo,32535163-F,eustaquioalfonsoagullo@gmail.com,616328251,9238789462,Cañada Nieves Bartolomé 89 Puerta 5 ,Villar de la Yegua,37497,Salamanca
Purificación Gámez Puente,85167788-F,purificaciongamezpuente@yahoo.com,719270397,,Pasaje Adora Patiño 63,"Pontes de García Rodríguez, As",15328,A Coruña
Guadalupe Castell Nicolás,89681528-C,guadalupecastellnicolas@yahoo.com,702436337,,Avenida Salomón Rocha 6 Apt. 94 ,Alt Àneu,25587,Lleida
Pascuala de Samper,98098705-W,pascualadesamper@hotmail.com,747976646,9419339484,Calle Reynaldo Alarcón 50 Apt. 31 ,Pazuengos,26261,La Rioja
Victoriano Corominas Contreras,48126579-E,victorianocorominascontreras@yahoo.com,793948944,,Glorieta de Fito Galván 60 Puerta 0 ,Molledo,39438,Cantabria
Roberta Solé Pla,54054101-F,robertasolepla@gmail.com,614236171,,Ronda Dani Flor 785,Sant Gregori,17199,Girona
Alejo Noriega Alcántara,74778767-V,alejonoriegaalcantara@gmail.com,776955677,9696809879,Urbanización Camila Fabra 646 Puerta 5 ,"Provencio, El",16670,Cuenca
Tania Salamanca Morell,75559757-L,taniasalamancamorell@yahoo.com,762441360,9879665273,Camino de Aránzazu Llano 24 Piso 0 ,Sariegos,24196,León
Ramona Somoza Gascón,76963923-N,ramonasomozagascon@yahoo.com,633983000,9801036113,Paseo Calixta Manso 60,San Vicente de la Cabeza,49592,Zamora
Ciríaco Capdevila Villaverde,71410592-P,ciriacocapdevilavillaverde@yahoo.com,762346131,9238730051,Calle Marisa Roura 5,Arabayona de Mógica,37418,Salamanca
Fidela Olivares-Rocamora,54605362-G,fidelaolivaresrocamora@hotmail.com,748230259,9710772219,Cañada de Pedro Elías 16 Piso 2 ,Estellencs,07192,Illes Balears
Chuy Cuenca Villaverde,63475832-H,chuycuencavillaverde@yahoo.com,707458999,,Cuesta Manu Castañeda 43 Puerta 5 ,Fuente el Sol,47494,Valladolid
Angelino Falcón Lucena,40732148-E,angelinofalconlucena@yahoo.com,727875359,,Pasadizo de Faustino Fuertes 632 Piso 3 ,Izurtza,48213,Bizkaia
Laura de Esteban,75835797-J,lauradeesteban@yahoo.com,755893515,9736972945,Urbanización Valero Roman 925 Apt. 32 ,"Valls de Valira, Les",25798,Lleida
Bonifacio Ferrán Martí,30219731-P,bonifacioferranmarti@hotmail.com,670006228,,Via Brígida Porcel 89,Castejón del Puente,22310,Huesca
Paloma Montero Llorens,22749776-Q,palomamonterollorens@gmail.com,692419627,980352056,Via Benigno Solé 352,Colunga,33324,Asturias
Emperatriz Amores Zaragoza,27825643-J,emperatrizamoreszaragoza@hotmail.com,621148442,,Callejón de Dulce Cobos 977,Arabayona de Mógica,37418,Salamanca
Lucho Carballo Ríos,11607758-A,luchocarballorios@hotmail.com,689666405,9795049233,Cuesta de Artemio Marco 91 Piso 9 ,Calzada de los Molinos,34129,Palencia
Tomás Marti Soto,37644307-T,tomasmartisoto@gmail.com,606521796,9719253682,C. Amelia Amigó 37,Selva,07369,Illes Balears
Cruz Pallarès-Andreu,34010973-E,cruzpallaresandreu@gmail.com,769949539,9874660415,C. de Chita Cuesta 489,Vegas del Condado,24155,León
Adrián Ramis,55314089-D,adrianramis@gmail.com,634545841,,Callejón de Rosaura Aguirre 628 Puerta 3 ,Mirabueno,19268,Guadalajara
Tamara Molins Hidalgo,77143651-H,tamaramolinshidalgo@gmail.com,784816769,,Avenida José Ángel Pedro 78 Apt. 83 ,"Bolo, O",32374,Ourense
Fortunato Iglesias Asenjo,69429878-P,fortunatoiglesiasasenjo@hotmail.com,639774852,,Camino de Concepción Macias 59 Puerta 8 ,Talarn,25630,Lleida
Teófilo del Arce,28598647-X,teofilodelarce@gmail.com,773939056,9828853595,Paseo Nayara Fortuny 79,Navia de Suarna,27653,Lugo
Constanza Juárez-Espejo,33400213-G,constanzajuarezespejo@gmail.com,794178416,9777020428,Urbanización José Sanchez 2,Vilanova d'Escornalbou,43311,Tarragona
Ruperto de Benitez,97824085-W,rupertodebenitez@hotmail.com,678064383,,Camino Maxi Silva 125,Alameda de la Sagra,45240,Toledo
Domingo Domínguez,92077360-B,domingodominguez@yahoo.com,782456255,,Pasaje de José Luis Santos 566,Cogolludo,19230,Guadalajara
Obdulia Carbó Pedro,79277019-K,obduliacarbopedro@yahoo.com,725128983,9828682299,Paseo Aarón Exposito 42 Piso 0 ,Outeiro de Rei,27151,Lugo
Custodia Moll Jódar,17437839-K,custodiamolljodar@hotmail.com,741601134,9872308965,C. León Herrera 2 Piso 8 ,Toreno,24493,León
Danilo Salcedo Antúnez,51109881-V,danilosalcedoantunez@yahoo.com,686194287,934960628,Paseo de Jose Ignacio Barral 37 Apt. 90 ,Sant Cugat del Vallès,08198,Barcelona
Brígida Gargallo Aranda,60051010-B,brigidagargalloaranda@yahoo.com,621347712,9257657453,Alameda de Leocadia Uría 7,Malpica de Tajo,45692,Toledo
Jose Francisco Hector Cabañas Carrillo,27921170-K,josefranciscohectorcabanascarrillo@gmail.com,727643422,,Acceso de Felipa Garmendia 68,"Zaida, La",50784,Zaragoza
Alfonso Velázquez Madrigal,52858301-T,alfonsovelazquezmadrigal@hotmail.com,708764022,,Vial Mireia Ribes 6,Cangas,36945,Pontevedra
Gaspar Noriega Marco,42723412-S,gasparnoriegamarco@yahoo.com,729556109,9417358002,Acceso de Víctor Barriga 29 Apt. 31 ,Villanueva de Cameros,26123,La Rioja
Eliseo Pol Blanco,40804619-C,eliseopolblanco@hotmail.com,670592625,,Pasadizo Julieta Fuente 56 Apt. 92 ,Deleitosa,10370,Cáceres
Fabricio Peral,51932629-D,fabricioperal@yahoo.com,673348963,9814151885,Calle Loreto Galiano 572,Val do Dubra,15873,A Coruña
Narciso Alcántara Heras,13482297-L,narcisoalcantaraheras@hotmail.com,783170569,9237442592,Camino María Belén Suárez 36 Piso 4 ,Carrascal de Barregas,37192,Salamanca
Lope Chico Orozco,44590125-W,lopechicoorozco@gmail.com,760307919,,Acceso Hugo Solsona 3 Apt. 39 ,Lascellas-Ponzano,22124,Huesca
Hernán Perales Vázquez,48360838-A,hernanperalesvazquez@gmail.com,642419344,9416917649,Glorieta de Amador Pozo 76,Igea,26525,La Rioja
Eloísa Llabrés Rocha,63479507-J,eloisallabresrocha@hotmail.com,610421264,,Via de Nicanor Manzano 48,San Cristóbal de La Laguna,38204,Sta. Cruz de Tenerife
Javiera Gisbert Iborra,68457022-Y,javieragisbertiborra@hotmail.com,661295153,9492131531,Plaza Elisa Rios 32 Piso 8 ,Corduente,19344,Guadalajara
Roque del Segovia,40516479-R,roquedelsegovia@yahoo.com,718994340,9884066024,Pasaje de Reynaldo Escribano 8 Piso 7 ,Bande,32848,Ourense
María Teresa Blazquez Palacios,79716913-V,mariateresablazquezpalacios@gmail.com,696965542,,Rambla de Estefanía Figueroa 2 Apt. 43 ,Vila-seca,43480,Tarragona
Cayetano Kike Bonet Jordán,97181439-E,cayetanokikebonetjordan@gmail.com,776807007,9247914446,Ronda Valero Pol 11,Valverde de Leganés,06130,Badajoz
María Cristina Hierro Morcillo,83360993-T,mariacristinahierromorcillo@yahoo.com,780182103,,Acceso de Alexandra Menendez 27,Serra,46118,Valéncia
Tristán Jove,89747473-R,tristanjove@hotmail.com,618209911,9415917871,Paseo Javi Castejón 9,Nestares,26110,La Rioja
Carmelita Rincón-Juan,66233199-F,carmelitarinconjuan@hotmail.com,704656951,9800987204,Avenida de Tiburcio Urrutia 30,Moreruela de los Infanzones,49731,Zamora
Francisco Javier Tena Armengol,86272717-Q,franciscojaviertenaarmengol@hotmail.com,745411806,9474224991,Vial Amando Tomé 88,Arauzo de Miel,09631,Burgos
José Manuel Serrano Carrión,20935854-N,josemanuelserranocarrion@gmail.com,741748450,,Acceso de Agapito Solís 94 Puerta 0 ,Cee,15138,A Coruña
Jesusa Martin Gómez,44731605-D,jesusamartingomez@hotmail.com,757271501,9573403369,Calle de Vicente Fabregat 93,Santaella,14546,Córdoba
Ana Peral,62981106-E,anaperal@yahoo.com,686256366,,Avenida de María Luisa Exposito 8,Cártama,29592,Málaga
Aroa Carranza Pallarès,28178655-K,aroacarranzapallares@hotmail.com,634176146,,Urbanización Pascual Almazán 75 Apt. 64 ,Triacastela,27634,Lugo
Berta Herranz Sedano,62523460-F,bertaherranzsedano@gmail.com,726529984,968679213,Ronda de Dulce Benet 69 Puerta 1 ,Valencia,46020,Valéncia
Trinidad Carretero Valenzuela,85940974-W,trinidadcarreterovalenzuela@gmail.com,727153116,9695547913,Glorieta de Anastasio Rodriguez 54 Piso 8 ,Priego,16800,Cuenca
Teobaldo Juárez Bosch,64759449-M,teobaldojuarezbosch@gmail.com,777712077,9201511198,Alameda de Adelaida Santamaría 31,Tahal,04275,Almería
Gonzalo Gervasio Colom Franco,18519830-T,gonzalogervasiocolomfranco@hotmail.com,689671704,9574300854,Cuesta Rico Molins 99 Puerta 2 ,Carcabuey,14810,Córdoba
Salomé de Chico,94373450-B,salomedechico@hotmail.com,698714301,,Callejón de Graciano Mateo 37,Riós,32611,Ourense
Caridad Ale Carmona Vaquero,30625283-R,caridadalecarmonavaquero@hotmail.com,756600566,9688202564,Avenida Manuelita Portero 61 Apt. 09 ,Murcia,30107,Murcia
Asunción Solera Hervás,79892118-P,asuncionsolerahervas@hotmail.com,610506252,9796307212,Via de Enrique Zabala 96,Villanuño de Valdavia,34477,Palencia
Adelia Díaz-Agullo,38875241-C,adeliadiazagullo@gmail.com,603090056,,Rambla Lázaro Baeza 525 Piso 9 ,Pozo de Guadalajara,19161,Guadalajara
Juliana Gómez Calderon,76940216-H,julianagomezcalderon@gmail.com,735652800,9270469663,C. de Fernando Abad 249 Puerta 3 ,Garganta la Olla,10412,Cáceres
Silvestre Mercader Contreras,26397753-D,silvestremercadercontreras@hotmail.com,696560420,9211825306,Pasaje Daniela Amat 5 Piso 7 ,Campo de San Pedro,40553,Segovia
Herberto Arteaga,30140006-R,herbertoarteaga@gmail.com,768366615,9718858980,Calle Noemí Marqués 7,Sant Llorenç des Cardassar,07687,Illes Balears
Nazaret Casanovas Balaguer,98922377-K,nazaretcasanovasbalaguer@gmail.com,626510680,9740326885,Calle de Jose Francisco Ballesteros 275 Puerta 4 ,Capella,22587,Huesca
Ruben Guijarro Morán,88390283-H,rubenguijarromoran@yahoo.com,778780224,,C. de Raimundo Llorens 40,"Cañiza, A",36886,Pontevedra
Gala Francisco Roman,57516957-Y,galafranciscoroman@hotmail.com,637483183,,Paseo Salvador Casares 5 Puerta 3 ,Sant Antoni de Portmany,07820,Illes Balears
Lilia Rosell Prado,98131904-N,liliarosellprado@yahoo.com,703009572,9826239774,Calle Jose Aragón 43,Barreiros,27790,Lugo
Matías Pintor Giménez,85809934-Q,matiaspintorgimenez@hotmail.com,683410976,9485877017,Acceso de Maricruz Pinilla 689,Baztan,31794,Nafarroa
Natalio Serrano Palau,24069083-C,natalioserranopalau@yahoo.com,793629766,9806931658,Cuesta Estrella Coll 45,Cernadilla,49325,Zamora
Trinidad Barbero Doménech,35347961-C,trinidadbarberodomenech@gmail.com,792759195,,Glorieta Pastora Fajardo 87 Puerta 2 ,Membibre de la Hoz,40234,Segovia
Consuelo Portillo,14988655-S,consueloportillo@yahoo.com,728698333,,Callejón Apolinar Monreal 65 Apt. 40 ,"Ausines, Los",09351,Burgos
Eusebia Oriana Sancho Juárez,75006578-J,eusebiaorianasanchojuarez@yahoo.com,722614954,9784915955,Paseo de Dolores Cañas 65 Puerta 4 ,Berge,44556,Teruel
Alejandro Huguet Salas,86954417-L,alejandrohuguetsalas@hotmail.com,608328466,,C. de Felisa Navas 27 Piso 4 ,Lagartos,34349,Palencia
Milagros Manzanares,27745262-V,milagrosmanzanares@hotmail.com,785657436,9815931716,Avenida Consuela Olmo 833,Ribeira,15969,A Coruña
Juan Luis Jordá Cárdenas,43449453-S,juanluisjordacardenas@gmail.com,681156153,9775386093,Paseo Encarnación Román 91,Pradell de la Teixeta,43774,Tarragona
Nicolás Águila,18941198-P,nicolasaguila@gmail.com,752222114,,Cuesta de Che Riba 99,Tona,08551,Barcelona
Candelaria Olivares-Cornejo,31464791-D,candelariaolivarescornejo@yahoo.com,723136607,,Ronda Celso Aller 280,Puebla de Don Fadrique,18820,Granada
Máximo Bermudez Solano,92934698-R,maximobermudezsolano@gmail.com,680501353,9768808073,Acceso de Teodora Benito 95 Piso 8 ,Villarroya de la Sierra,50310,Zaragoza
Serafina Viñas Blanca,40833940-Q,serafinavinasblanca@yahoo.com,685771998,9819941253,Plaza Cándido Calvet 3 Apt. 46 ,Oza-Cesuras,15387,A Coruña
Arturo de Bello,39396562-T,arturodebello@gmail.com,734075718,9646825020,Urbanización Marisol Riquelme 30 Piso 5 ,Viver,12460,Castelló
Azahar Pont Posada,56224342-Z,azaharpontposada@hotmail.com,769233150,9862675487,Cuesta de Marisela Acuña 23,Mondariz-Balneario,36890,Pontevedra
Marco Carretero Canals,13310536-E,marcocarreterocanals@gmail.com,703156880,9484607970,Vial Leire Sobrino 42 Piso 1 ,Larraun,31877,Nafarroa
Cosme Zamora Soler,88550335-J,cosmezamorasoler@hotmail.com,799139336,,Acceso Renato Elorza 3 Piso 2 ,Esguevillas de Esgueva,47176,Valladolid
Maristela Luciana Arnau Bastida,48040691-Q,maristelalucianaarnaubastida@yahoo.com,771447444,912426663,Avenida de Iris Zamora 727,Torrelaguna,28180,Madrid
Adolfo Felix Palacio Aragonés,67583124-Q,adolfofelixpalacioaragones@gmail.com,650525556,9795001359,Avenida Ovidio Fuertes 51,Dehesa de Montejo,34484,Palencia
Lourdes Jordá Gascón,95268320-C,lourdesjordagascon@yahoo.com,787703526,,Paseo de Hilario Perez 9,Carballeda de Avia,32433,Ourense
Albert Armengol,62639063-N,albertarmengol@yahoo.com,625484343,983852029,Vial Mateo Blasco 63 Apt. 31 ,Avilés,33403,Asturias
Pilar Rosalva Llorens Ramirez,12823306-R,pilarrosalvallorensramirez@gmail.com,726290163,9870527174,Avenida Fabricio Castellanos 7,Garrafe de Torío,24891,León
Sebastian Eleuterio Fonseca Plana,76532220-L,sebastianeleuteriofonsecaplana@hotmail.com,697670223,9732790599,Cuesta Arturo Bastida 5,Alcanó,25162,Lleida
Gerónimo Madrid López,26966678-Y,geronimomadridlopez@hotmail.com,690398244,,Ronda de Ileana Navarrete 47 Puerta 2 ,Oroso,15684,A Coruña
Casemiro Mayo Teruel,42156635-G,casemiromayoteruel@gmail.com,699719102,9205955949,Vial de Eligia Bermudez 65,Chirivel,04825,Almería
Teresita Nydia Arenas Bertrán,13218356-A,teresitanydiaarenasbertran@yahoo.com,726529214,9536200228,Pasadizo de Francisco Javier Uribe 59 Piso 2 ,Jabalquinto,23629,Jaén
Nerea Maristela Casares Castellanos,12400999-C,nereamaristelacasarescastellanos@yahoo.com,714418332,,Pasadizo Mario Rojas 605,Vilarmaior,15638,A Coruña
Candelario Bauzà Montalbán,45712820-K,candelariobauzamontalban@yahoo.com,748683099,986801101,Calle Sol Bou 42 Piso 3 ,Degaña,33812,Asturias
Olga de Tena,84471683-C,olgadetena@gmail.com,629506467,,Rambla de Florentina Bilbao 267 Piso 3 ,Portillo de Soria,42136,Soria
Adolfo Sales Conesa,99382652-C,adolfosalesconesa@hotmail.com,664293459,9834871814,Glorieta Viviana Múñiz 334 Puerta 6 ,Boecillo,47151,Valladolid
Alba Cordero Francisco,97406182-D,albacorderofrancisco@yahoo.com,685814195,9218207173,Rambla de Vilma Cabañas 91,Cerezo de Abajo,40591,Segovia
Soledad Baeza Mir,21699140-C,soledadbaezamir@yahoo.com,785589147,9472377446,Acceso Samu Pacheco 1 Apt. 42 ,Villalbilla de Gumiel,09453,Burgos
Rosalía Corral Coca,60196472-K,rosaliacorralcoca@gmail.com,686046528,9755610577,C. Seve Rodriguez 81,Fuentearmegil,42143,Soria
Esther Lastra Echevarría,35866521-E,estherlastraechevarria@gmail.com,761023749,9507089378,Vial de Abel Cruz 464,Alicante/Alacant,03003,Alacant
Carolina de Figuerola,26967095-D,carolinadefiguerola@gmail.com,799341822,,Alameda de Feliciano Rueda 683 Puerta 2 ,Arbo,36439,Pontevedra
Isabel Ballesteros Reig,60950445-P,isabelballesterosreig@yahoo.com,664160528,,Paseo María Belén Yáñez 977 Piso 6 ,Castronuño,47520,Valladolid
Valero Nebot Martín,25634318-J,valeronebotmartin@gmail.com,682599679,,Urbanización Joan Mendizábal 20,San Juan de la Rambla,38420,Sta. Cruz de Tenerife
Victor Manuel Loreto Ibarra Piña,18140247-D,victormanuelloretoibarrapina@gmail.com,608699536,9671003338,Vial de Manu Reguera 42,Hellín,02400,Albacete
Anunciación Rivero Fuster,16289431-A,anunciacionriverofuster@yahoo.com,718718718,9806311764,Paseo de Augusto Prieto 46 Apt. 74 ,Galende,49362,Zamora
Jose Ramón Carrión Guijarro,99974641-N,joseramoncarrionguijarro@yahoo.com,693612235,,Acceso de Ascensión Marcos 29 Piso 9 ,Tolbaños,05289,Ávila
Pablo Cadenas Alfaro,66457660-B,pablocadenasalfaro@hotmail.com,750810738,9597418951,Calle Baldomero Barrena 86,Isla Cristina,21431,Huelva
Melisa Mariño Agullo,62342940-Z,melisamarinoagullo@hotmail.com,691226808,,C. de Evangelina Zabala 555 Apt. 37 ,Cardeñajimeno,09199,Burgos
Bienvenida Escamilla Lasa,38284339-B,bienvenidaescamillalasa@hotmail.com,620526839,9421332817,Glorieta de Amalia Gaya 3,Camargo,39600,Cantabria
Emiliano del Blanca,87622998-J,emilianodelblanca@gmail.com,760929794,9265005378,Ronda Begoña Vall 58,Argamasilla de Calatrava,13440,Ciudad Real
Bernabé Fabián Duran Baquero,70433613-T,bernabefabianduranbaquero@hotmail.com,623467682,9762269613,Glorieta de Lorena Ramirez 899 Puerta 2 ,Balconchán,50366,Zaragoza
Elpidio Frutos Páez,12205851-G,elpidiofrutospaez@gmail.com,661773731,9734520880,Acceso Rubén Garzón 85,Juneda,25430,Lleida
Plinio Toro Ibarra,48169534-J,pliniotoroibarra@yahoo.com,779796144,,Pasaje Natalia Vaquero 246,Cedillo,10513,Cáceres
María Jesús Villalba Olivares,89918970-X,mariajesusvillalbaolivares@gmail.com,717100336,9746691604,Urbanización de Amancio Roldán 591 Puerta 7 ,Castejón de Sos,22466,Huesca
Etelvina Águeda Haro Manuel,26515750-Q,etelvinaaguedaharomanuel@yahoo.com,676763001,9534004356,Calle de Eulalia Rey 144,Montizón,23267,Jaén
Evelia Bernad Vallejo,43490155-F,eveliabernadvallejo@yahoo.com,699981259,9868347900,Rambla Adán Calatayud 66 Apt. 94 ,Ponteareas,36685,Pontevedra
Nazaret Coello Egea,81867656-F,nazaretcoelloegea@yahoo.com,641802228,957269499,Glorieta de Zoraida Benet 508,Ardales,29552,Málaga
Ulises Correa Carrera,66322714-Y,ulisescorreacarrera@hotmail.com,750288806,9784212568,Calle de Gertrudis Quesada 93,Muniesa,44780,Teruel
Octavia Ricart Moliner,39574756-J,octaviaricartmoliner@gmail.com,756197463,,Camino Vidal Blanca 92 Puerta 0 ,Armuña,40491,Segovia
Crescencia Palomino-Tapia,13976515-J,crescenciapalominotapia@yahoo.com,744553833,,Cañada Albino Mulet 51,Villares del Saz,16442,Cuenca
Beatriz Arrieta Olmedo,83569808-K,beatrizarrietaolmedo@gmail.com,778176609,9715201386,Callejón de Renato Riba 6,Sencelles,07140,Illes Balears
Ángel Zamorano Pinedo,64224959-N,angelzamoranopinedo@gmail.com,745129895,,Ronda de Lara Calderon 11,Pino del Oro,49514,Zamora
Víctor Hidalgo Beltrán,47110612-B,victorhidalgobeltran@yahoo.com,669743923,9245897819,Callejón de María Luisa Suarez 77,Medinilla,05619,Ávila
Carmela José Doménech Cortes,16434748-Y,carmelajosedomenechcortes@yahoo.com,760849601,,Via Tito Andrade 770 Piso 2 ,Viana do Bolo,32563,Ourense
Silvestre Ortiz Velázquez,53108868-M,silvestreortizvelazquez@hotmail.com,644090387,9738816578,Rambla de Edmundo Barbero 3,Aitona,25182,Lleida
Manu de Roldán,64778177-B,manuderoldan@gmail.com,675265099,,Glorieta Angélica Carmona 452,Torrijo de la Cañada,50217,Zaragoza
Isidoro del Codina,97609843-M,isidorodelcodina@gmail.com,630525850,9804088671,Urbanización de Lupe Español 65,Santibáñez de Vidriales,49619,Zamora
Abraham Tamarit Pinilla,42433457-K,abrahamtamaritpinilla@hotmail.com,680345317,,Calle Cleto Asenjo 4 Apt. 10 ,"Boalo, El",28412,Madrid
Isidoro Acosta,72571438-K,isidoroacosta@gmail.com,706299319,9569749606,Rambla de Marcelo Ojeda 9 Piso 9 ,Jerez de la Frontera,11401,Cádiz
Adelia de Zapata,83321516-Z,adeliadezapata@gmail.com,671086662,9889764528,Glorieta Casemiro Benavides 27,Manzaneda,32783,Ourense
Elisabet Huerta Escolano,79376779-F,elisabethuertaescolano@gmail.com,791241332,,Alameda de Espiridión Lamas 644,Mijares,05461,Ávila
José Rincón Esteban,38258262-Q,joserinconesteban@gmail.com,689903109,,Avenida Vera Córdoba 35,Villablanca,21590,Huelva
Claudio Tur Fuentes,44420008-Q,claudioturfuentes@gmail.com,683440177,9826165879,Alameda Ema Caballero 27 Puerta 1 ,Taboada,27554,Lugo
Darío Guardia,80950374-B,darioguardia@yahoo.com,628054640,9772313213,Urbanización Violeta Losa 64,Salou,43840,Tarragona
Che Royo,70329752-F,cheroyo@gmail.com,752984244,9649264269,Plaza de Olga Sáez 26,Sierra Engarcerán,12193,Castelló
Rafaela España,49978122-L,rafaelaespana@hotmail.com,781644516,9217368190,Pasaje Ariel Real 61 Puerta 6 ,Segovia,40002,Segovia
Macarena Alfonso Reina,18802264-V,macarenaalfonsoreina@yahoo.com,667082051,9819285354,Camino de Teresita Sebastián 38 Apt. 87 ,Narón,15573,A Coruña
Débora Zapata Barón,83875393-M,deborazapatabaron@yahoo.com,654702395,,Via de Adolfo Solera 2 Piso 0 ,Lopera,23780,Jaén
Silvestre de Benito,64600133-X,silvestredebenito@yahoo.com,615365082,,Cañada Asdrubal Ferrández 755 Puerta 2 ,Montseny,08469,Barcelona
Vicente Bastida Mancebo,70789747-W,vicentebastidamancebo@gmail.com,715962728,,Plaza de Valentina Sanjuan 49,Pamplona/Iruña,31002,Nafarroa
Che Urrutia Pedrero,99621400-M,cheurrutiapedrero@gmail.com,753152179,9277200871,Rambla de Florina Palacio 7,Valencia de Alcántara,10519,Cáceres
Leoncio Redondo Salvador,98567073-K,leoncioredondosalvador@gmail.com,788091139,,Rambla de Jesusa Bueno 460 Piso 1 ,Aldeanueva de la Vera,10440,Cáceres
Estefanía Cervera Gutierrez,24176693-J,estefaniacerveragutierrez@gmail.com,633369758,,Ronda Rosario Pons 845 Puerta 5 ,Campoo de Yuso,39293,Cantabria
Visitación Paula Folch Real,51290917-C,visitacionpaulafolchreal@hotmail.com,610035789,988712639,Pasadizo de Manolo Baños 5 Piso 6 ,Grandas de Salime,33730,Asturias
Verónica Losada-Tormo,69813421-A,veronicalosadatormo@yahoo.com,736550272,9839790591,C. de Santos Expósito 39 Puerta 0 ,Wamba,47190,Valladolid
Rubén Cifuentes Campillo,83370107-Y,rubencifuentescampillo@hotmail.com,659232627,918640757,Callejón Che Serrano 60,Olmeda de las Fuentes,28515,Madrid
Emilio Díez Puerta,81026264-R,emiliodiezpuerta@yahoo.com,665513507,,Cuesta Hilda Arroyo 7,Puebla de Alcocer,06630,Badajoz
Clarisa Gomis,39653435-D,clarisagomis@gmail.com,786206362,9831154802,Rambla Nico Molina 84 Puerta 9 ,Moraleja de las Panaderas,47454,Valladolid
Lorenzo Granados Español,42704208-Q,lorenzogranadosespanol@hotmail.com,683177444,9282725167,Paseo de Apolinar Collado 682,"Oliva, La",35649,Las Palmas
Montserrat Pi Carlos,90090484-J,montserratpicarlos@hotmail.com,673823411,9746204226,Rambla Álvaro Rivera 56,Sabiñánigo,22612,Huesca
Severino del Escobar,88054220-P,severinodelescobar@hotmail.com,704776712,,Vial de Benigno Blanca 66,Calzada de Calatrava,13779,Ciudad Real
Jeremías Lerma Carbonell,21201067-N,jeremiaslermacarbonell@gmail.com,768396135,,Pasadizo de Amor Dalmau 377,Murcia,30167,Murcia
Rosendo Castillo Sacristán,66522680-X,rosendocastillosacristan@yahoo.com,779883732,9590724432,Pasaje Dionisia Serra 620,Lepe,21449,Huelva
Jonatan Gracia Pomares,85372702-Z,jonatangraciapomares@gmail.com,776452562,9672231334,Vial de Alejo Bravo 5 Puerta 8 ,Yeste,02482,Albacete
Yéssica Ureña,59250309-D,yessicaurena@yahoo.com,608341985,,Cañada de Martín Serna 92 Apt. 27 ,Tibi,03109,Alacant
Rafael Amaya González,30201503-L,rafaelamayagonzalez@gmail.com,782569932,9812021652,Plaza Carla Escolano 33,Betanzos,15300,A Coruña
Victoria Doménech Perera,71987947-V,victoriadomenechperera@yahoo.com,734182949,9685156530,Pasadizo Tomasa Abellán 5,Lorquí,30564,Murcia
Tatiana Rodríguez Ríos,31662516-A,tatianarodriguezrios@yahoo.com,725693678,,Vial de Valerio Chacón 75 Piso 5 ,Sabiñánigo,22636,Huesca
Lorena Herranz Amo,80545814-K,lorenaherranzamo@gmail.com,631714250,,Paseo de Noelia Armas 11 Piso 6 ,Haría,35520,Las Palmas
Matilde del Isern,19577918-L,matildedelisern@hotmail.com,689622724,9477319796,Glorieta Elena Marco 26 Piso 4 ,Berlangas de Roa,09316,Burgos
Irma Samanta Grande Molins,95976198-G,irmasamantagrandemolins@gmail.com,710410400,,Cañada de Rosalina Canals 15 Puerta 9 ,Huelva,21006,Huelva
Andrés Roura Cano,97986039-J,andresrouracano@hotmail.com,799394536,9875514655,Vial de Camila Ocaña 8 Puerta 2 ,"Ercina, La",24879,León
Moreno de Botella,92596904-P,morenodebotella@yahoo.com,657738836,,Paseo de Hernando Barrera 4,Tapia de Casariego,33749,Asturias
Rafa de Ariño,62834004-M,rafadearino@hotmail.com,787478277,9862455810,Calle Édgar Álamo 96 Puerta 1 ,Sanxenxo,36979,Pontevedra
Juan Pablo Ávila Barragán,73927491-V,juanpabloavilabarragan@gmail.com,724469154,9577802777,Calle de Judith Herrero 65 Apt. 65 ,Córdoba,14350,Córdoba
Ana Gámez-Tenorio,96884753-J,anagameztenorio@yahoo.com,779011725,9647795781,Acceso de Isabela Sánchez 74,Almedíjar,12413,Castelló
Osvaldo Sacristán,59295721-L,osvaldosacristan@hotmail.com,611238065,9472654122,C. de Pepito Nieto 4 Puerta 3 ,Merindad de Valdeporres,09573,Burgos
Alicia de Cervantes,84432947-Q,aliciadecervantes@gmail.com,621445759,,Paseo de Esperanza Guillén 36 Piso 8 ,Eibar,20600,Gipuzkoa
Maricruz Pinilla-Bernat,33355122-Q,maricruzpinillabernat@yahoo.com,788694428,,Rambla de Amelia Elorza 4,Cistierna,24800,León
Germán Montserrat Roig,39461261-T,germanmontserratroig@gmail.com,748348915,,Urbanización de Teodora Simó 2 Apt. 79 ,Muro,07440,Illes Balears
Gertrudis Solís,99866650-Y,gertrudissolis@yahoo.com,799294384,,Calle de León Blanch 46 Piso 4 ,Villaseca de Arciel,42129,Soria
Imelda Bayona Uribe,31075098-M,imeldabayonauribe@hotmail.com,731564334,9889431254,Pasaje de Salomón Manso 12 Piso 5 ,Vilamarín,32140,Ourense
Bautista Solana-Nuñez,50747685-W,bautistasolananunez@hotmail.com,738713341,958633777,Ronda Hortensia Pellicer 50,Guadalcanal,41390,Sevilla
Yago Pou,84502632-B,yagopou@gmail.com,666205980,9498498027,Vial Lara Gracia 58,Guadalajara,19150,Guadalajara
Jonatan de Rico,63640509-S,jonatanderico@gmail.com,799052569,9713683075,Vial de Moreno Portero 225,Mancor de la Vall,07312,Illes Balears
Tiburcio Arjona,67333538-A,tiburcioarjona@gmail.com,683876608,9825139115,Paseo de Salud Llamas 6 Puerta 5 ,"Saviñao, O",27594,Lugo
Fabiana Morán Ballesteros,18715037-Y,fabianamoranballesteros@gmail.com,689584110,9873843161,Urbanización de Eligia Borrego 74,Carracedelo,24565,León
Dora Gomila Galiano,60394931-J,doragomilagaliano@gmail.com,736082506,989464048,Cañada de Clara Toro 23,Morcín,33163,Asturias
Plácido Menendez Arenas,67265020-W,placidomenendezarenas@hotmail.com,637984643,9275779534,Via Bernardo Peinado 20,Peraleda de San Román,10334,Cáceres
Berta Marco-Aragonés,41449569-G,bertamarcoaragones@hotmail.com,727642928,9867340353,Cuesta de Selena Castañeda 9,"Estrada, A",36680,Pontevedra
Carmina Fiol Ramirez,41483453-D,carminafiolramirez@yahoo.com,617790909,9594997836,Glorieta Gala Company 41 Puerta 8 ,San Bartolomé de la Torre,21510,Huelva
Sebastian Salvà Serna,97313869-H,sebastiansalvaserna@hotmail.com,646778489,9838197096,Alameda de Toni Badía 36,Ciguñuela,47191,Valladolid
Vicente Alberola Bellido,12495547-S,vicentealberolabellido@gmail.com,799282480,,Pasadizo de Eutropio Arévalo 489 Puerta 2 ,Cirauqui/Zirauki,31131,Nafarroa
Rocío Tomasa Gras Reig,91781659-K,rociotomasagrasreig@gmail.com,792419832,,Rambla Bernardita Rojas 80,"Fonsagrada, A",27135,Lugo
Agapito Adán Torre Acosta,99691984-W,agapitoadantorreacosta@gmail.com,778304615,,Calle de Julieta Dávila 63 Apt. 15 ,Cepeda,37656,Salamanca
Marino Vilalta Portillo,81485949-P,marinovilaltaportillo@hotmail.com,632974570,,Pasadizo Humberto Casanova 458 Puerta 3 ,Albaladejo,13340,Ciudad Real
Josep Revilla Antúnez,74452472-T,joseprevillaantunez@gmail.com,634119700,9417105121,Callejón Valentina Palacios 970,Galbárruli,26212,La Rioja
Francisco Jose Quesada Andrés,66025119-P,franciscojosequesadaandres@yahoo.com,787514286,964355882,Cuesta de Sebastián Quirós 993,Chera,46350,Valéncia
Eulalia Mendoza Aguiló,65900540-C,eulaliamendozaaguilo@gmail.com,604435004,9787412175,Rambla de Liliana Jove 68 Apt. 86 ,Olba,44478,Teruel
Tomasa Ponce Valera,22417323-M,tomasaponcevalera@yahoo.com,625338283,9823439323,Pasadizo Beatriz Lozano 78,Pedrafita do Cebreiro,27671,Lugo
Juana Marín Julián,12274944-M,juanamarinjulian@yahoo.com,701122502,,Plaza Gastón Pozo 16,Castellar de Santiago,13750,Ciudad Real
Marcelino Palmer Andrés,40486243-X,marcelinopalmerandres@gmail.com,730111111,988362545,Paseo Eutimio Guillén 9,Amieva,33557,Asturias
Toni Pancho Flores Giralt,60339698-A,tonipanchofloresgiralt@gmail.com,651279602,9219998115,Callejón de Filomena Infante 1,Garcillán,40120,Segovia
Matilde Vizcaíno Poza,28661404-T,matildevizcainopoza@hotmail.com,702421860,9808127984,Ronda de Pepe Calvo 23,Vega de Tera,49330,Zamora
Nacio del Gilabert,37530068-W,naciodelgilabert@gmail.com,784682218,9717634791,Cañada Sara Tamayo 52 Puerta 5 ,Santa Eulària des Riu,07840,Illes Balears
Gabriel Fernández Galván,30511738-F,gabrielfernandezgalvan@yahoo.com,624510297,,Cuesta de Nayara Isern 97,"Carlota, La",14111,Córdoba
Teo Jover Viñas,87447565-R,teojovervinas@yahoo.com,605175476,,Camino Obdulia Catalá 600 Puerta 9 ,San Vitero,49523,Zamora
Magdalena Egea Sans,43376575-R,magdalenaegeasans@gmail.com,766023802,9224869797,Rambla de Damián Tur 89,Santa Cruz de Tenerife,38006,Sta. Cruz de Tenerife
Petrona del Quiroga,30832119-K,petronadelquiroga@hotmail.com,785613818,9237460814,Ronda Jose Antonio Pedraza 66 Apt. 81 ,Valdunciel,37799,Salamanca
Melisa Tomé Zurita,37184569-D,melisatomezurita@gmail.com,780964510,,Pasaje de Melania Aller 60 Piso 5 ,Láujar de Andarax,04470,Almería
Tito Valderrama Bernal,31207204-E,titovalderramabernal@gmail.com,743827104,9584982252,Avenida Arsenio Oliver 335,Monachil,18193,Granada
Geraldo Uribe-Abellán,54245211-X,geraldouribeabellan@yahoo.com,780119588,9871334353,Calle de Fulgencio Iglesia 12 Puerta 9 ,Cubillas de los Oteros,24224,León
Manola Uriarte Martínez,54573295-E,manolauriartemartinez@gmail.com,767599554,9888087427,Plaza Eva María Baquero 11,"Irixo, O",32530,Ourense
Josué Requena Calleja,11833289-L,josuerequenacalleja@gmail.com,608298808,9750398685,Pasaje Quique Prats 936,"Royo, El",42153,Soria
Margarita Mata-Báez,85978342-H,margaritamatabaez@yahoo.com,689368360,9258341691,Glorieta de Priscila Oliver 1 Puerta 8 ,Villaluenga de la Sagra,45520,Toledo
Carmina Estefanía Franch Villa,46104495-Y,carminaestefaniafranchvilla@gmail.com,760266733,947706233,Pasadizo de Aurora Vizcaíno 362,Getxo,48991,Bizkaia
Hugo de Bustamante,53553006-J,hugodebustamante@yahoo.com,672524301,,Cuesta Micaela Santos 19 Apt. 40 ,Sant Boi de Llobregat,08830,Barcelona
Amando Aranda Lobo,23050556-W,amandoarandalobo@yahoo.com,653218513,9839065361,Cañada Ruperta Carro 9 Puerta 6 ,Rueda,47490,Valladolid
Ismael Rosado Cabeza,33404565-D,ismaelrosadocabeza@gmail.com,621306895,9675110064,Via de Débora Solís 550,Motilleja,02220,Albacete
Julio César del Pujol,54910669-D,juliocesardelpujol@gmail.com,690891054,,Pasaje de Tomás Ferrándiz 1,Barbadás,32890,Ourense
Melisa Verdejo Marin,99884973-K,melisaverdejomarin@yahoo.com,693115732,9875526361,Alameda de Clotilde Matas 29 Puerta 7 ,Santa Marina del Rey,24393,León
Casandra del Chamorro,60510658-G,casandradelchamorro@yahoo.com,678429632,9599640000,Camino Nazario Pedraza 357,Villarrasa,21850,Huelva
Tito Castro Castellanos,34137821-W,titocastrocastellanos@hotmail.com,786433589,,Calle de Benito Sureda 150 Apt. 16 ,Frailes,23691,Jaén
Paloma del Nicolau,36876371-B,palomadelnicolau@hotmail.com,727374212,9768419894,Pasaje de Anunciación Aguilera 34,Cimballa,50213,Zaragoza
Ema Macías Huguet,27031359-B,emamaciashuguet@yahoo.com,709612683,,Plaza Félix Alegre 59,Polopos,18712,Granada
Angelina de Segura,51946261-W,angelinadesegura@gmail.com,774485615,,Ronda Lázaro Chamorro 784 Apt. 40 ,Narón,15597,A Coruña
Isaías Mariscal Carrera,16483717-P,isaiasmariscalcarrera@hotmail.com,605588269,9873382864,Vial de Olivia Acedo 76,"Pola de Gordón, La",24600,León
Jose Ignacio Mayo-Téllez,80260884-S,joseignaciomayotellez@hotmail.com,611458087,9280423937,Avenida Dolores Cervera 66,"Palmas de Gran Canaria, Las",35018,Las Palmas
Maximiliano Priego Solé,79308173-X,maximilianopriegosole@gmail.com,674491922,9734968613,Pasaje Federico Torrijos 686 Puerta 4 ,Lladorre,25576,Lleida
Reyes Gallego Romero,84130460-W,reyesgallegoromero@gmail.com,719467917,,Pasaje de Wilfredo Luque 62,Guadalajara,19001,Guadalajara
Jenny Figueras Botella,34708077-L,jennyfiguerasbotella@hotmail.com,718378681,,C. de Febe Dalmau 70,Rosinos de la Requejada,49323,Zamora
José Luis Campillo Artigas,73036253-Y,joseluiscampilloartigas@hotmail.com,783167232,947870506,Cuesta Beatriz Ferrera 84 Piso 2 ,Zierbena,48508,Bizkaia
Albano Gual Font,28639231-E,albanogualfont@hotmail.com,613755953,9262017563,Via de María Pilar Fonseca 20,Valenzuela de Calatrava,13279,Ciudad Real
Joaquín Guerrero Alberto,21170318-Z,joaquinguerreroalberto@gmail.com,638472656,,Calle Mirta Bautista 3,Anaya de Alba,37864,Salamanca
Nazaret Pombo Novoa,30806142-B,nazaretpombonovoa@yahoo.com,775503405,,Cuesta Pepita Menendez 85,Gijón,33201,Asturias
Maximino Pozuelo Gelabert,83796283-S,maximinopozuelogelabert@gmail.com,769516886,,Plaza Matilde Sedano 9 Puerta 4 ,Sabero,24814,León
Jimena López Camino,38363714-J,jimenalopezcamino@yahoo.com,644197369,,Alameda Manola Torrent 91,Santa María de Ordás,24275,León
Isabel Román,75869536-B,isabelroman@gmail.com,670612279,9216411167,Urbanización de Édgar Borrego 2,Lastras del Pozo,40142,Segovia
Chema Pino-Perelló,79827508-M,chemapinoperello@gmail.com,797999339,,Callejón de Rafael Baena 9 Piso 5 ,Santa Cruz de Tenerife,38111,Sta. Cruz de Tenerife
Calixto Menendez Carmona,81242612-B,calixtomenendezcarmona@gmail.com,782536029,9710029215,Vial de Yago Morán 13,Santa Eulària des Riu,07819,Illes Balears
Vinicio del Vazquez,76174606-D,viniciodelvazquez@yahoo.com,736014445,9458653348,Urbanización Alba Herrero 69 Puerta 7 ,Ayala/Aiara,01479,Álava
Ana Belén Sans Cifuentes,17686758-B,anabelensanscifuentes@yahoo.com,625266338,957256574,Plaza Macaria Pellicer 11,Cuevas del Becerro,29470,Málaga
Sergio Riquelme-Agudo,96162801-P,sergioriquelmeagudo@yahoo.com,638643776,9754149975,Callejón Isidro Viña 95 Piso 7 ,Salduero,42156,Soria
Álvaro Blázquez Montes,14127039-W,alvaroblazquezmontes@gmail.com,683252292,9748333072,Rambla de Pedro Checa 8 Apt. 75 ,Jasa,22731,Huesca
Leocadia Conde Camps,28775784-R,leocadiacondecamps@yahoo.com,754869553,9209169338,Cañada de Graciano Suarez 3,Benitagla,04276,Almería
Sandalio Borrego Soto,67209735-D,sandalioborregosoto@gmail.com,627121274,,Camino de Rodolfo Uría 24 Puerta 8 ,Crecente,36428,Pontevedra
Alfonso Batlle Vendrell,18194768-C,alfonsobatllevendrell@yahoo.com,649192299,9769483932,Cañada de Belen Puig 8,Jaraba,50237,Zaragoza
Elba Grande Román,65525105-Z,elbagranderoman@hotmail.com,690221546,9422631776,Callejón de Marita Bello 2,Santander,39010,Cantabria
Ángela Mármol,60622788-D,angelamarmol@gmail.com,623216559,9821985297,Pasadizo de Macaria Villegas 49 Puerta 4 ,Trabada,27767,Lugo
Leyre del Madrigal,25210976-D,leyredelmadrigal@gmail.com,660867221,9424469127,Avenida de Pascuala Castelló 256 Piso 1 ,Solórzano,39791,Cantabria
Aurora Almeida Pedrero,74841109-Y,auroraalmeidapedrero@yahoo.com,772691986,,Glorieta José Blanco 635 Piso 7 ,Puebla de Albortón,50137,Zaragoza
Zacarías Silvestre Sedano Nevado,98902644-E,zacariassilvestresedanonevado@gmail.com,700412862,9498382480,Callejón Cándido Morante 86 Puerta 7 ,"Miñosa, La",19278,Guadalajara
Liliana Peralta-Corominas,61186813-M,lilianaperaltacorominas@gmail.com,772401183,,Callejón Vicenta Guardiola 1,Amoeiro,32980,Ourense
Leire Pino Villalobos,63098960-R,leirepinovillalobos@yahoo.com,757574768,,C. Felisa Hervia 7,"Horcajada, La",05695,Ávila
Leire Montalbán Almeida,75965348-M,leiremontalbanalmeida@yahoo.com,778019015,911536730,Urbanización David Arnaiz 71,Madrid,28035,Madrid
Odalys Vélez Gaya,84617419-M,odalysvelezgaya@gmail.com,677581114,,Cañada de Marianela Arjona 97,Villamesías,10263,Cáceres
Basilio Amaya,98569001-V,basilioamaya@gmail.com,723644340,9780955001,Camino de Paula Alegre 35 Apt. 98 ,Mirambel,44141,Teruel
Federico Narciso Ferrández Gisbert,85001208-Q,federiconarcisoferrandezgisbert@hotmail.com,718863602,,Rambla de Amaro Romero 9 Apt. 56 ,Prádena del Rincón,28191,Madrid
Guiomar Peñas Duarte,66563133-Y,guiomarpenasduarte@yahoo.com,753522055,9681249397,Avenida de Rebeca Canet 13,Alguazas,30560,Murcia
Elena Giménez Gabaldón,39147480-P,elenagimenezgabaldon@yahoo.com,698037914,,Camino Macarena Peñalver 41 Puerta 1 ,Cernadilla,49325,Zamora
Benito Haro Mena,37528843-L,benitoharomena@yahoo.com,690095963,,Glorieta de Felix Carrasco 62 Piso 5 ,Fuentelsaz de Soria,42170,Soria
Otilia del Verdugo,37038624-E,otiliadelverdugo@yahoo.com,645621462,9423720558,Plaza Coral Alfonso 28 Piso 3 ,Voto,39764,Cantabria
Demetrio Ruiz Menéndez,96096704-J,demetrioruizmenendez@gmail.com,703777106,957604605,Avenida Paola Blanch 96,Cazalla de la Sierra,41370,Sevilla
Aurelio Lopez Requena,54716166-V,aureliolopezrequena@gmail.com,784562519,,Cañada de Paula Armas 54,Gibraleón,21500,Huelva
Victorino Pina Villanueva,86862922-H,victorinopinavillanueva@gmail.com,788686343,9690315177,C. de Joan Zabaleta 38,Masegosa,16878,Cuenca
Sofía Manuel Belda,37234588-A,sofiamanuelbelda@yahoo.com,661668112,9238525238,Glorieta Alexandra Mendizábal 54 Apt. 20 ,Chagarcía Medianero,37861,Salamanca
Jose Donaire Calleja,27550886-Z,josedonairecalleja@hotmail.com,708393418,,C. Alejandra Trillo 32,Vall de Almonacid,12414,Castelló
Modesto Llano Cañellas,50740670-W,modestollanocanellas@yahoo.com,612614937,9827924131,Paseo Rosaura Escalona 47,Ribas de Sil,27310,Lugo
Etelvina Gascón Perelló,46295976-N,etelvinagasconperello@gmail.com,681332315,,Calle de Jose Ignacio Segovia 85 Apt. 71 ,Vinaixa,25440,Lleida
Telmo Gimenez Ramírez,64582037-S,telmogimenezramirez@gmail.com,632830076,9484978018,Plaza de Odalis Bastida 63,Tudela,31500,Nafarroa
Raimundo Laguna Nogueira,70226049-B,raimundolagunanogueira@hotmail.com,692937413,9724626841,Ronda César Duran 6,Ogassa,17861,Girona
Augusto Rosendo Haro Somoza,80403108-F,augustorosendoharosomoza@hotmail.com,753031245,,Calle de Baldomero Seco 91,Rossell,12511,Castelló
Leonor Belda Andreu,16987996-N,leonorbeldaandreu@hotmail.com,639406705,981605715,Pasaje de Quique Vega 66,Somiedo,33842,Asturias
Ani de Boix,95887197-J,anideboix@hotmail.com,672284329,,Via Benito Mendizábal 29 Puerta 9 ,Santiago-Pontones,23296,Jaén
Maristela Jover Daza,56619445-T,maristelajoverdaza@gmail.com,691417424,9742477472,Vial de María Ángeles Pont 906 Apt. 94 ,Caldearenas,22624,Huesca
Nilo de Morillo,16468659-S,nilodemorillo@hotmail.com,663743242,9761396302,Via de Leocadio Bonilla 7,Zaragoza,50820,Zaragoza
Natanael Batlle Figueras,85138236-X,natanaelbatllefigueras@yahoo.com,765632640,,Cuesta de Cosme Peiró 642 Apt. 94 ,Vigo,36317,Pontevedra
Mateo Contreras Giménez,39949688-E,mateocontrerasgimenez@hotmail.com,688364291,9724986571,Urbanización de Daniela Elías 22,"Cruïlles, Monells i Sant Sadurní de l'Heura",17121,Girona
Priscila Angulo Manso,25247228-J,priscilaangulomanso@yahoo.com,661495331,,Cuesta Diego Coronado 7 Piso 5 ,Campos del Paraíso,16830,Cuenca
Maite Benavent Nadal,24529454-T,maitebenaventnadal@gmail.com,622331188,,Avenida Albina Díez 5,Maside,32577,Ourense
Rodolfo Joan Pujol Peral,75740927-H,rodolfojoanpujolperal@yahoo.com,686803498,,Via Nacho Tapia 521,"Tejado, El",37749,Salamanca
Encarnacion Beltran Barranco,93335497-W,encarnacionbeltranbarranco@gmail.com,614093944,,Rambla Alma Garrido 247,Casavieja,05450,Ávila
Mauricio Borrell-Frutos,50481680-S,mauricioborrellfrutos@gmail.com,653346080,9473970361,C. Dionisia Lucena 496,Arija,09570,Burgos
Cipriano Adadia Rey,81760376-E,ciprianoadadiarey@yahoo.com,785419695,950885880,Ronda Vera Gallego 63 Piso 1 ,"Luisiana, La",41439,Sevilla
Rocío Estrada Chacón,93864895-D,rocioestradachacon@hotmail.com,665840750,,Paseo de Pilar Montes 42 Apt. 27 ,Martorelles,08107,Barcelona
Belén Palau-Alcolea,95582414-A,belenpalaualcolea@hotmail.com,616136673,9587495514,Acceso Lara Manzanares 417,Cuevas del Campo,18813,Granada
Cristian Amat-Castillo,36362587-R,cristianamatcastillo@gmail.com,774789191,,Paseo Bibiana Sala 25,Orihuela,03321,Alacant
Edu Goñi Jaén,51322030-Z,edugonijaen@hotmail.com,604777329,9640848001,Via de Zaira Pujadas 32 Piso 7 ,"Alqueries, les/Alquerías del Niño Perdido",12539,Castelló
Iris Marín Almagro,90338048-M,irismarinalmagro@yahoo.com,686834473,9719500873,Alameda de Mayte Ariza 96,Andratx,07150,Illes Balears
Íñigo López Abad,40374032-Q,inigolopezabad@gmail.com,693218938,,Urbanización Sandra Campos 489,Xunqueira de Ambía,32678,Ourense
Vicente Osuna Seco,65837220-L,vicenteosunaseco@yahoo.com,705287771,,Avenida Reina Saura 10,Luciana,13108,Ciudad Real
Eva Bas Madrigal,97760857-R,evabasmadrigal@yahoo.com,709076456,,Alameda de Emilio Tello 37 Puerta 5 ,Lourenzá,27751,Lugo
Eloísa Jimenez Donaire,75087865-H,eloisajimenezdonaire@hotmail.com,660148775,9537896663,Paseo Rodrigo Cobo 974 Piso 6 ,Arjonilla,23750,Jaén
Manola Egea Lamas,88185782-X,manolaegealamas@gmail.com,787759653,,Camino Melania Quintana 7,Ferreries,07750,Illes Balears
Ruth Porta-Diez,79726453-N,ruthportadiez@gmail.com,654245384,9865029812,Camino Aránzazu Cerdá 75,Pontevedra,36003,Pontevedra
Sofía Casanova-Barrena,12456285-Z,sofiacasanovabarrena@yahoo.com,758792559,,Rambla Joel Andrade 21 Puerta 1 ,Güímar,38591,Sta. Cruz de Tenerife
Poncio Suárez Medina,67974408-R,ponciosuarezmedina@hotmail.com,601298157,956769078,Ronda Óscar Álvaro 15 Apt. 73 ,Badolatosa,41570,Sevilla
Paca Paca Pedraza Sancho,37041918-G,pacapacapedrazasancho@gmail.com,607940235,9748051935,Camino Felicidad Criado 2,Torre la Ribera,22451,Huesca
Luís Puig-Pomares,46391798-Q,luispuigpomares@gmail.com,772636801,9799181053,Rambla de Melania Báez 34 Puerta 1 ,Palencia,34001,Palencia
Inmaculada Gordillo Nicolás,52187563-B,inmaculadagordillonicolas@gmail.com,702871785,962348664,Pasaje Maite Esteve 82,Valencia,46112,Valéncia
Natalia del Neira,95060096-S,nataliadelneira@hotmail.com,609599546,910894355,Vial de Lucas Pérez 48,Arganda del Rey,28500,Madrid
Pepe del Zamorano,82459279-R,pepedelzamorano@hotmail.com,750335242,9427754142,Glorieta de Ricarda Cabo 47,Miengo,39318,Cantabria
Caridad Serrano Comas,27693599-N,caridadserranocomas@gmail.com,602351520,,Plaza Fermín Giralt 88,Poyales del Hoyo,05492,Ávila
Eva Campoy,84394901-N,evacampoy@yahoo.com,733353425,,Cuesta Borja Sarabia 17 Apt. 35 ,Nerpio,02539,Albacete
Miguel Ángel Ropero Yuste,73077028-W,miguelangelroperoyuste@yahoo.com,633683817,9235481111,Urbanización de Margarita Galindo 207,Endrinal,37765,Salamanca
Marita Vallés,47628578-V,maritavalles@hotmail.com,639825918,,Pasaje Régulo Bayona 71 Piso 4 ,Cortes de Arenoso,12126,Castelló
Yaiza Abril Cañas,21674486-E,yaizaabrilcanas@hotmail.com,759532700,9742008084,Camino de Dominga Madrid 33 Piso 6 ,Sangarrén,22100,Huesca
Celestina Bello,64702698-H,celestinabello@hotmail.com,633643640,9762786581,Calle de Clementina Falcón 82 Puerta 5 ,Brea de Aragón,50246,Zaragoza
Consuela del Cabezas,24010415-W,consueladelcabezas@hotmail.com,689890978,9871544371,Camino de Cándida Diego 96,Cimanes de la Vega,24239,León
Angelina Angélica Ortega Godoy,19595477-Y,angelinaangelicaortegagodoy@yahoo.com,791448921,9744715585,Calle de Loida Solé 88,Bierge,22144,Huesca
Borja Diego Bayón,34451192-K,borjadiegobayon@hotmail.com,705651619,9587264149,Camino Malena Amo 48,Láchar,18327,Granada
Carmelo Ayuso-Bastida,16813472-N,carmeloayusobastida@hotmail.com,679012677,,Pasadizo Pablo Gallo 812 Apt. 13 ,Gurb,08503,Barcelona
Édgar Luna Losa,95718385-K,edgarlunalosa@yahoo.com,719118931,9811729946,Cañada Celso Pareja 70 Puerta 3 ,"Coruña, A",15009,A Coruña
Seve Luján-Vera,59319329-Y,sevelujanvera@hotmail.com,739983273,,Callejón de Armando Moll 350,"Saviñao, O",27547,Lugo
Teobaldo Pujol,85066967-H,teobaldopujol@yahoo.com,736601281,,C. Concha Sanchez 62,Abrucena,04520,Almería
José Ángel Rodríguez Expósito,16653359-W,joseangelrodriguezexposito@yahoo.com,673669677,,Avenida Anastasia Sevilla 86,Premià de Dalt,08338,Barcelona
Emiliana Losada Álamo,81180009-Z,emilianalosadaalamo@hotmail.com,662567730,935620125,Cuesta de Pastor Ledesma 72,Montclar,08605,Barcelona
Benita Terrón Muñoz,35006914-V,benitaterronmunoz@gmail.com,779530326,,Camino Clemente Garriga 97,Toral de los Vados,24441,León
Lupe Girón Vega,39148617-H,lupegironvega@hotmail.com,747821877,946699256,Pasaje de Alberto Berenguer 991,Bilbao,48005,Bizkaia
Amarilis Prada Morera,28366405-E,amarilispradamorera@gmail.com,649205535,965439913,Rambla Venceslás Company 5 Puerta 9 ,Corbera,46612,Valéncia
Vinicio Eric Ródenas Diez,86558499-T,vinicioericrodenasdiez@gmail.com,785510080,9738751071,Via Renata Tamayo 65 Apt. 81 ,Aitona,25182,Lleida
Tomás Martí Vicente,23141914-G,tomasmartivicente@hotmail.com,742238127,9888956329,Pasaje Catalina Blazquez 79,Laza,32622,Ourense
María Pilar Riera Anglada,72837869-C,mariapilarrieraanglada@gmail.com,725520482,932445295,Alameda Olivia Gibert 23,Olesa de Montserrat,08640,Barcelona
Maximino Dávila Solera,35526517-G,maximinodavilasolera@hotmail.com,708714126,9203050176,Avenida de Buenaventura Corominas 65,Nacimiento,04540,Almería
Cleto Rios Puga,89513351-L,cletoriospuga@hotmail.com,654869999,9877420253,Urbanización de Flavio Araujo 31,Gradefes,24166,León
Cristian Anaya Ricart,66202321-H,cristiananayaricart@hotmail.com,609334612,,Pasadizo de Violeta Calderón 92 Puerta 0 ,Alicún,04409,Almería
Jeremías Herrera Olivares,72565096-G,jeremiasherreraolivares@yahoo.com,718501470,,Avenida de Gerardo Arnaiz 238 Piso 3 ,Esplegares,19445,Guadalajara
Carmelo Gómez Rozas,53151596-E,carmelogomezrozas@hotmail.com,679274733,9825018229,Cañada de Alondra Duarte 8 Piso 2 ,Guitiriz,27389,Lugo
Nicolasa Piquer-Lara,23585653-G,nicolasapiquerlara@gmail.com,728323730,9877356869,Cuesta de Socorro Revilla 61,Villadangos del Páramo,24392,León
Bernarda Elvira Rivero Gomis,77370482-T,bernardaelvirariverogomis@gmail.com,633307772,,Alameda Luna Montes 56 Puerta 7 ,Santa María del Arroyo,05530,Ávila
Aureliano Sanabria Llano,84068469-L,aurelianosanabriallano@yahoo.com,642111450,9243768248,Plaza Moisés Mosquera 52 Apt. 73 ,San Vicente de Alcántara,06500,Badajoz
Agustín Osorio Barco,94950974-M,agustinosoriobarco@yahoo.com,723817576,9581474999,Paseo de Caridad Landa 99 Piso 6 ,Beas de Granada,18184,Granada
Hermenegildo del Jiménez,24627803-R,hermenegildodeljimenez@gmail.com,673359950,9785894604,Acceso de Juan Luis Lucena 75,Maicas,44791,Teruel
Tania Pina Patiño,58076035-T,taniapinapatino@gmail.com,749809422,9777876925,Paseo Susana Luna 373,Mas de Barberans,43514,Tarragona
Mónica Varela Piñeiro,39716919-J,monicavarelapineiro@yahoo.com,788830364,9790266875,Acceso Rico Uriarte 92,Riberos de la Cueza,34309,Palencia
Gabino Murillo Reina,44786375-Q,gabinomurilloreina@gmail.com,679740177,,Callejón Cayetano Clavero 6,Arauzo de Salce,09451,Burgos
Loreto del Acuña,56629320-P,loretodelacuna@gmail.com,601926866,910914232,Urbanización de Galo Neira 3,Móstoles,28933,Madrid
Jacinto Cabello-Aguilera,96249945-M,jacintocabelloaguilera@yahoo.com,673633740,,Pasaje de Guiomar Pulido 95 Piso 3 ,Molina de Aragón,19350,Guadalajara
Cristina Guerra,88722253-Y,cristinaguerra@hotmail.com,769096093,9486755520,Avenida de Feliciano Mur 706,Izalzu/Itzaltzu,31689,Nafarroa
Julián de Carrera,78231417-E,juliandecarrera@hotmail.com,693068753,,Glorieta Renata Prado 5 Apt. 75 ,Villasbuenas de Gata,10858,Cáceres
Roberta Arana-Bosch,97389967-D,robertaaranabosch@hotmail.com,678642319,,Pasadizo de Jovita Olmo 76 Puerta 4 ,Cieza,39407,Cantabria
Ulises Cañas,59134472-T,ulisescanas@hotmail.com,713183781,9422808619,Alameda Cleto Coca 596 Piso 5 ,Corvera de Toranzo,39697,Cantabria
Fulgencio Mendez Olivera,41532858-X,fulgenciomendezolivera@hotmail.com,611968836,981073791,Paseo Sosimo Osuna 35 Puerta 0 ,Ribera de Arriba,33170,Asturias
Trinidad Graciano Jara Dueñas,37991478-D,trinidadgracianojaraduenas@hotmail.com,738634228,,Alameda de Maximino Manzanares 298 Puerta 7 ,Ferrol,15593,A Coruña
Paula Herrera Morell,60736795-M,paulaherreramorell@yahoo.com,787690605,,Alameda Luís Múñiz 8,Retuerta,09347,Burgos
Pili del Elías,55075148-S,pilidelelias@yahoo.com,638007996,,Ronda de Leyre Duran 4,Villaseco de los Reyes,37159,Salamanca
Juan Luis de González,59181901-A,juanluisdegonzalez@hotmail.com,736352485,934253823,Callejón Estefanía Benitez 45,Manresa,08241,Barcelona
Carmen Jiménez Aramburu,46756447-T,carmenjimenezaramburu@hotmail.com,778070528,968733363,Pasadizo Ramiro Aramburu 957 Puerta 5 ,Valencia,46023,Valéncia
Hipólito Celso Escalona Elías,65697376-S,hipolitocelsoescalonaelias@hotmail.com,767994708,,Rambla de Darío Carretero 7,Otero de Herreros,40422,Segovia
Nacho del Sanchez,67876985-Y,nachodelsanchez@hotmail.com,718436508,,Rambla Donato Sala 667 Piso 2 ,Murcia,30012,Murcia
Gala Castillo,50445170-Y,galacastillo@gmail.com,691154683,9775327650,Cuesta Nacio Torrents 39 Apt. 88 ,Barberà de la Conca,43442,Tarragona
Salud Hernando Sierra,40320916-F,saludhernandosierra@hotmail.com,600852339,,C. de Jordán Contreras 4 Apt. 47 ,Estubeny,46817,Valéncia
Jimena Menéndez Ibarra,52378113-Y,jimenamenendezibarra@gmail.com,749332685,,Ronda Manuel Becerra 84 Puerta 5 ,Erro,31699,Nafarroa
Miriam de Riera,79502596-Z,miriamderiera@gmail.com,641336668,9698706842,Avenida Rufino Valdés 489,"Valeras, Las",16120,Cuenca
Antonio del Malo,99336338-M,antoniodelmalo@yahoo.com,736849686,,Callejón Roxana Fernandez 10,Alhambra,13390,Ciudad Real
Lisandro Miró,37557627-F,lisandromiro@gmail.com,711287952,961723986,Acceso Francisco Lucena 41,Barxeta,46667,Valéncia
Jose Manuel Gallego Pacheco,97467050-L,josemanuelgallegopacheco@gmail.com,772814852,,Urbanización de Ligia Gallego 8,Cúllar,18857,Granada
Mónica Camacho Rodriguez,96769626-R,monicacamachorodriguez@gmail.com,611045785,959392316,Rambla de Onofre Durán 4,"Madroño, El",41898,Sevilla
Joaquín Posada Díez,75474508-P,joaquinposadadiez@hotmail.com,732485310,9647406271,Via Bernabé Nogueira 313,"Alcora, l'",12121,Castelló
Corona Riba,76042485-T,coronariba@yahoo.com,782673753,,Pasaje de Nadia Carbonell 8 Puerta 4 ,Valderredible,39230,Cantabria
Tristán Morillo-Mosquera,53482465-J,tristanmorillomosquera@yahoo.com,682701045,,Glorieta de Paz Nevado 1,Martín del Río,44750,Teruel
Albert Jara Roselló,94630989-L,albertjararosello@yahoo.com,604333718,961369092,Camino de Flavia Paredes 516,Senyera,46669,Valéncia
Cristian Ojeda Duran,19225859-K,cristianojedaduran@gmail.com,626812941,,Camino de Juan Luis Amores 21 Piso 1 ,Cogolludo,19230,Guadalajara
Ana Sofía Llanos,50970527-C,anasofiallanos@gmail.com,796850506,,Ronda de Luciana Escudero 54,Moralzarzal,28411,Madrid
José Chacón,50553664-D,josechacon@gmail.com,746285783,,Cañada Carlito Diez 21 Apt. 11 ,"Gudiña, A",32546,Ourense
Flavio Macías Borrell,19392960-G,flaviomaciasborrell@gmail.com,766340681,,Alameda de Diego Jimenez 600 Piso 0 ,Villar del Pedroso,10331,Cáceres
Ruy Correa Jordán,44038045-Z,ruycorreajordan@yahoo.com,791997675,9570395258,Urbanización de Caridad Vigil 9,Torrecampo,14410,Córdoba
Jessica Font Berrocal,74154362-Q,jessicafontberrocal@yahoo.com,626970212,9452250994,Camino Pepe Artigas 98 Puerta 2 ,Vitoria-Gasteiz,01002,Álava
Dulce Jurado Planas,39824218-V,dulcejuradoplanas@yahoo.com,637312574,,Urbanización de Leonor Casas 404,Nava de la Asunción,40450,Segovia
Jose Angel Yago Paz Ropero,28060794-N,joseangelyagopazropero@yahoo.com,730267570,,Paseo de Marcelo Riera 65 Piso 3 ,Lepe,21440,Huelva
Consuelo de Cortina,62076263-E,consuelodecortina@hotmail.com,720048931,9862340596,Acceso Cecilia Hernando 57,Agolada,36526,Pontevedra
Teodora Nazaret Escudero Antúnez,75194992-B,teodoranazaretescuderoantunez@yahoo.com,754451391,9746609811,Alameda de Maristela Ferrero 8 Apt. 79 ,Laspaúles,22472,Huesca
Susanita Cantón Bertrán,36575011-C,susanitacantonbertran@hotmail.com,653401535,9881111370,Alameda Leoncio Beltrán 156,"Carballiño, O",32574,Ourense
Modesta Suarez Losa,49178990-E,modestasuarezlosa@gmail.com,649683935,,Callejón Sergio Arellano 94,Sant Quirze del Vallès,08194,Barcelona
Jacinto Guillén,71918010-T,jacintoguillen@gmail.com,608236393,,Cuesta Melisa Oliveras 7 Puerta 6 ,Nalda,26121,La Rioja
Cristina Ávila Puga,63506976-C,cristinaavilapuga@yahoo.com,621817157,,Glorieta Melchor Carrión 606 Apt. 29 ,Guadix,18515,Granada
Nerea Hernández-Alberola,76506447-Y,nereahernandezalberola@gmail.com,704275718,,Ronda Flora Prat 3,Paymogo,21560,Huelva
Bibiana Carreño Tudela,23847343-T,bibianacarrenotudela@yahoo.com,778847325,9688298344,Acceso Encarnacion Barrera 108 Piso 7 ,Lorca,30816,Murcia
Sosimo Teobaldo Dueñas Fuentes,91736759-V,sosimoteobaldoduenasfuentes@yahoo.com,777422745,9881979559,Cañada Nazaret Pera 9 Apt. 81 ,Carballeda de Valdeorras,32329,Ourense
Sancho Verdú Carpio,28595613-N,sanchoverducarpio@hotmail.com,674603536,,Glorieta Anastasia Ribera 3 Puerta 2 ,Torrenueva,13740,Ciudad Real
Samanta Jaume Jara,62356322-X,samantajaumejara@hotmail.com,664063504,964466618,Callejón de Juan Francisco Santana 36,Chelva,46351,Valéncia
Che Bonet Puig,58109543-C,chebonetpuig@hotmail.com,726404775,9533994998,Pasaje de Luisa Batlle 3,Santisteban del Puerto,23250,Jaén
Albert Cañellas Moraleda,37858656-N,albertcanellasmoraleda@gmail.com,684013991,9885082580,Calle de Josefa Salgado 96 Piso 4 ,"Carballiño, O",32511,Ourense
Luisa Vélez Vendrell,63202136-E,luisavelezvendrell@hotmail.com,725412239,9741229560,Alameda de Valero Arregui 56 Piso 4 ,Jaca,22712,Huesca
Nidia Millán Quiroga,79245566-D,nidiamillanquiroga@gmail.com,746915542,9584178884,Via de Chus Ayala 15,Albuñol,18700,Granada
Nerea Mayo Romero,52505532-M,nereamayoromero@gmail.com,742300841,940829168,Rambla Itziar Giménez 663 Apt. 93 ,Forua,48393,Bizkaia
Jesusa Olmo Anglada,95000451-D,jesusaolmoanglada@yahoo.com,756311215,,Acceso de Claudia Bermúdez 7 Puerta 5 ,Salar,18310,Granada
Natividad Eufemia Alvarado Ojeda,35293186-P,natividadeufemiaalvaradoojeda@yahoo.com,787617751,916680634,Camino de Catalina Segura 88,Valdilecha,28511,Madrid
Ligia Ribas Bernad,94865346-Y,ligiaribasbernad@yahoo.com,716733802,9838088080,Calle de Abril Matas 5,Alcazarén,47238,Valladolid
Mauricio Albert Gómez Gámez,52479894-N,mauricioalbertgomezgamez@hotmail.com,718183244,9808530155,Urbanización Carmelita Verdugo 70,Justel,49343,Zamora
Dorotea Cisneros Soriano,71136243-A,doroteacisnerossoriano@hotmail.com,789988386,9210028891,Calle Estela Barranco 23 Piso 8 ,Fresno de Cantespino,40516,Segovia
Roberto Abella-Iglesias,13599068-L,robertoabellaiglesias@yahoo.com,651618525,949266661,Via de Modesto Cañellas 94 Puerta 2 ,Sondika,48150,Bizkaia
Ceferino del Feijoo,65531524-Q,ceferinodelfeijoo@yahoo.com,682409722,,Pasadizo Ezequiel Abad 97,Vegadeo,33770,Asturias
Aitor Luz Ángel,33423673-G,aitorluzangel@gmail.com,772834326,,Urbanización Cipriano Valenzuela 93,Caldearenas,22624,Huesca
Anunciación Recio Acevedo,97061073-S,anunciacionrecioacevedo@yahoo.com,785943617,937724200,Glorieta de Iván Canals 76,Santa Maria de Palautordera,08460,Barcelona
Valerio Prats Bernat,11236367-Q,valeriopratsbernat@yahoo.com,676726278,,Ronda de Martina Andreu 137 Apt. 03 ,Caparroso,31380,Nafarroa
Cecilio Vega,14710996-N,ceciliovega@yahoo.com,744081695,953389939,Cuesta de Conrado Garcés 25 Piso 0 ,Cártama,29570,Málaga
Esperanza Bernal,49638739-R,esperanzabernal@yahoo.com,698523754,9825693418,Plaza Hermenegildo Izaguirre 49 Piso 6 ,Bóveda,27344,Lugo
Nereida Navarrete-Torres,74012408-H,nereidanavarretetorres@yahoo.com,772027672,9786235388,Pasadizo Rico Bejarano 6 Apt. 29 ,Cantavieja,44140,Teruel
Encarnación Quero Ramos,65271317-P,encarnacionqueroramos@hotmail.com,791510366,9889699741,Pasaje de Íngrid Cánovas 81,"Veiga, A",32365,Ourense
Ascensión Solé Gascón,20892934-X,ascensionsolegascon@hotmail.com,610682404,9751390719,Pasaje de Eusebio Lobato 8 Apt. 96 ,Alpanseque,42213,Soria
Amarilis Bravo Borja,57397859-W,amarilisbravoborja@hotmail.com,603073531,,Urbanización de Toribio Valcárcel 5,Cabrejas del Pinar,42146,Soria
Rodolfo Naranjo Cabañas,98431995-E,rodolfonaranjocabanas@hotmail.com,761318364,,Rambla Daniel Peralta 98 Apt. 32 ,Lalín,36518,Pontevedra
Cruz Castell,42385625-Y,cruzcastell@gmail.com,769247445,,Pasaje María Cristina Acosta 4,Collsuspina,08178,Barcelona
Olegario de Mayol,26249897-C,olegariodemayol@hotmail.com,748643886,9814927081,Cuesta Tito Dueñas 7,Ferrol,15593,A Coruña
Mirta Rivera Piñol,96141903-V,mirtariverapinol@yahoo.com,625326278,9865010808,Urbanización de Brunilda Calleja 18,Mos,36416,Pontevedra
Vilma Roma Zabaleta,40052531-D,vilmaromazabaleta@hotmail.com,778362631,9238402136,C. Heliodoro Aragón 31,Guijo de Ávila,37774,Salamanca
Yaiza Bejarano,77302877-S,yaizabejarano@hotmail.com,740913910,,Callejón Pancho Lara 1 Apt. 71 ,Villanueva de los Caballeros,47850,Valladolid
Dimas Marqués-Valle,40789913-B,dimasmarquesvalle@gmail.com,722285268,9771838285,C. Rogelio Juan 54,Ginestar,43748,Tarragona
Sabas Capdevila,95315573-P,sabascapdevila@hotmail.com,778480469,945698241,Pasaje de Pablo Cal 332,Arratzu,48391,Bizkaia
Candelaria Miranda Franch,55767367-A,candelariamirandafranch@hotmail.com,654229364,9250936411,Callejón de Odalis Bonet 67,Sotillo de las Palomas,45635,Toledo
Yéssica Quero Manrique,31324995-F,yessicaqueromanrique@hotmail.com,661100104,9749034316,Rambla de Lucio Pinilla 96 Puerta 0 ,Barbastro,22315,Huesca
Román Arana Cuevas,57756151-T,romanaranacuevas@hotmail.com,751572392,9871967113,Camino de Raúl Llabrés 63 Piso 9 ,Astorga,24718,León
Yéssica Filomena Pedrero Morcillo,67080965-Q,yessicafilomenapedreromorcillo@yahoo.com,774919087,9580352170,Camino Crescencia Santamaría 5 Puerta 9 ,Fuente Vaqueros,18340,Granada
Alex de Mena,46337683-C,alexdemena@hotmail.com,733756324,9816879648,Pasadizo de Elisa Cadenas 627,Dumbría,15297,A Coruña
Teo Daza-Rocamora,92103716-D,teodazarocamora@gmail.com,747330668,9818179920,Plaza de Baudelio Mercader 82 Puerta 2 ,Narón,15578,A Coruña
Macarena Rozas Caparrós,44990766-Y,macarenarozascaparros@hotmail.com,736416124,,Cañada Angelina Vallés 93,Ricla,50270,Zaragoza
Luís del Cabanillas,22269650-S,luisdelcabanillas@hotmail.com,721501119,9219447665,Via Nerea Anaya 8,Bernardos,40430,Segovia
África Gutiérrez Machado,20292220-X,africagutierrezmachado@gmail.com,679918272,,Cuesta de Miguel Ángel Español 1,Ribafrecha,26130,La Rioja
Ulises Pla Lasa,41122859-D,ulisesplalasa@yahoo.com,661665425,,Avenida Aníbal Arribas 99 Apt. 86 ,Fuentenovilla,19113,Guadalajara
María Pilar del Barrios,16718344-N,mariapilardelbarrios@gmail.com,626940549,9279716801,Camino Lino Álvarez 84,Villanueva de la Vera,10470,Cáceres
Ricarda Pintor Puga,83504949-E,ricardapintorpuga@yahoo.com,697593273,9258532215,Cuesta Lupe Costa 753 Piso 6 ,"Navalmorales, Los",45112,Toledo
María Cristina Palma Robledo,64417570-K,mariacristinapalmarobledo@gmail.com,723973791,,Glorieta de Alejandra Miranda 30 Piso 0 ,Fayón,50795,Zaragoza
Albina Coca Higueras,43445524-L,albinacocahigueras@gmail.com,793699909,9566572837,Ronda de Gloria Esparza 44 Piso 1 ,Sanlúcar de Barrameda,11549,Cádiz
Ángeles Gordillo Palau,64620719-B,angelesgordillopalau@yahoo.com,722271683,9889420014,Callejón Alba Cuervo 22 Puerta 8 ,Cartelle,32825,Ourense
Bernabé de Valbuena,41571380-F,bernabedevalbuena@hotmail.com,742040956,,Via Hernán Vicente 31,Anquela del Pedregal,19357,Guadalajara
Aristides Caro Lledó,25292595-R,aristidescarolledo@gmail.com,674237790,,Cañada de Demetrio Guillén 52,Polícar,18516,Granada
Pepito Reig Montes,72198986-P,pepitoreigmontes@yahoo.com,708496775,,Paseo de Onofre Ayllón 59 Apt. 85 ,Cabezón de Liébana,39571,Cantabria
Estela Cantero Garriga,77216661-A,estelacanterogarriga@gmail.com,770292871,9482917754,Via de Febe Huguet 458 Apt. 42 ,Puente la Reina/Gares,31100,Nafarroa
Cruz Almeida Llorens,35165173-J,cruzalmeidallorens@hotmail.com,603004966,,Cañada de Rosa María Yuste 296,Zúñiga,31284,Nafarroa
Estela del Quirós,93231139-H,esteladelquiros@yahoo.com,659133594,,Cuesta Salud Montero 11,"Coruña, A",15006,A Coruña
Simón Carnero,12586154-W,simoncarnero@yahoo.com,708286682,9491856211,Plaza Gloria Cuenca 82 Piso 8 ,Huertahernando,19441,Guadalajara
Débora Nazaret Linares Carrasco,39447487-A,deboranazaretlinarescarrasco@gmail.com,765084375,9735447865,Glorieta de Conrado Coca 383 Puerta 5 ,Lleida,25113,Lleida
Epifanio Paniagua Mateos,12680705-T,epifaniopaniaguamateos@yahoo.com,638950888,,Calle de Arturo Varela 78,Cabana de Bergantiños,15116,A Coruña
Rosenda Francisco Meléndez,49062157-Y,rosendafranciscomelendez@gmail.com,738601943,,Glorieta Sofía Terrón 3 Puerta 7 ,Aroche,21240,Huelva
Fidel Claudio Barrena Córdoba,88856983-W,fidelclaudiobarrenacordoba@gmail.com,707694772,934228676,Vial Fernanda Jerez 1,Sentmenat,08181,Barcelona
Celestino Lorenzo Carnero,52106874-Y,celestinolorenzocarnero@hotmail.com,715595782,,Plaza Paz Ballester 9 Piso 7 ,Fariza,00085,Desconocida
Ruperto de Bas,15952139-Y,rupertodebas@yahoo.com,742196393,,Calle de Inocencio Amo 35 Puerta 0 ,Yaiza,35370,Las Palmas
Nicolasa de Pol,79955235-J,nicolasadepol@gmail.com,735284858,915612511,Avenida de Maristela Bermejo 31 Apt. 29 ,San Lorenzo de El Escorial,28200,Madrid
Rafaela Frutos,54805701-J,rafaelafrutos@yahoo.com,792623711,9825545044,Alameda Edgardo Valverde 46,Chantada,27510,Lugo
Maricruz de Mariscal,77259403-B,maricruzdemariscal@hotmail.com,620846736,956007720,Pasadizo de Maximiliano Mármol 62 Puerta 7 ,Estepona,29688,Málaga
Santiago Borrego,81337771-L,santiagoborrego@gmail.com,711915172,9872946705,Plaza Emilia Monreal 8 Piso 2 ,Cebanico,24892,León
Leocadio Montoya Casanova,96326033-D,leocadiomontoyacasanova@hotmail.com,608449921,,Urbanización José María Cuesta 2,Càrcer,46294,Valéncia
Camilo Berrocal Bustamante,26666566-K,camiloberrocalbustamante@gmail.com,687813213,,Pasaje de Isaías Daza 43 Piso 6 ,Campo Real,28510,Madrid
Chus de Conde,32799973-H,chusdeconde@yahoo.com,647409644,9754888443,Cañada Heriberto Villena 79 Puerta 8 ,Alcubilla de Avellaneda,42351,Soria
Juanita Roldán Carbonell,19588709-T,juanitaroldancarbonell@gmail.com,697714813,,Glorieta de Bonifacio Cuenca 81,San Cebrián de Castro,49144,Zamora
Celestino Montes Vega,97439277-F,celestinomontesvega@gmail.com,688287574,,Callejón Samanta Cánovas 8 Apt. 83 ,Guadalajara,19194,Guadalajara
Viviana Palacio Jaén,86539866-C,vivianapalaciojaen@yahoo.com,601014452,9803480965,Cuesta de María Del Carmen Parra 1,San Vitero,49523,Zamora
Desiderio Santos Fernández,26395524-B,desideriosantosfernandez@yahoo.com,667704100,,Calle Azeneth Nogués 947 Puerta 9 ,Malón,50511,Zaragoza
Estela Menéndez Gómez,83068675-N,estelamenendezgomez@gmail.com,623329453,,Acceso de Ramón Galán 3 Apt. 40 ,Barcial del Barco,49760,Zamora
Estrella Alonso Barco,46822687-T,estrellaalonsobarco@yahoo.com,634784151,9726177405,C. de Abel Ros 332 Apt. 89 ,Cornellà del Terri,17844,Girona
Verónica Feijoo Balaguer,61666157-Y,veronicafeijoobalaguer@hotmail.com,604440325,9222436233,Camino Faustino Soriano 4 Puerta 8 ,Icod de los Vinos,38439,Sta. Cruz de Tenerife
Leocadio Robles Herrero,51787250-J,leocadioroblesherrero@gmail.com,790637772,,Camino de Godofredo Azorin 84,Nigrán,36370,Pontevedra
Sandalio Aparicio-Fabregat,13246462-A,sandalioapariciofabregat@gmail.com,601579192,9806156771,Vial de Sabina Prats 26 Puerta 6 ,Moraleja del Vino,49150,Zamora
Buenaventura Morales,14932522-W,buenaventuramorales@hotmail.com,773516152,9826922840,Acceso de Nacho Aragonés 57,Castro de Rei,27257,Lugo
Lucas Armas-Fuertes,43424231-R,lucasarmasfuertes@yahoo.com,614065973,952221813,Avenida José Manuel Quintana 323 Puerta 1 ,Burguillos,41220,Sevilla
Virgilio Reina,85911362-Z,virgilioreina@gmail.com,661459036,9273203394,Glorieta de Andrés Felipe Prat 491 Apt. 85 ,"Garganta, La",10759,Cáceres
Victoriano Cortes Noriega,38874213-G,victorianocortesnoriega@gmail.com,601931999,9771697138,Callejón de Flora Iglesia 2,"Ametlla de Mar, L'",43860,Tarragona
Mauricio Lobo Águila,62630520-W,mauricioloboaguila@gmail.com,646237844,,Cuesta de Rosalina Morán 31,Loma de Ucieza,34127,Palencia
Tiburcio del Plana,68923552-G,tiburciodelplana@hotmail.com,681416331,,Calle Flavio Alberto 18 Piso 1 ,Chodos/Xodos,12134,Castelló
Chucho Glauco Leon Valenzuela,95035814-K,chuchoglaucoleonvalenzuela@yahoo.com,752671469,,Ronda Conrado Baró 89 Puerta 1 ,Nuñomoral,10627,Cáceres
Pepita Villar Portillo,75043941-R,pepitavillarportillo@hotmail.com,751650679,,Alameda de Alexandra Palomino 26,Dílar,18152,Granada
Ema Torrijos-Porta,21879990-K,ematorrijosporta@hotmail.com,664924598,9790685721,Callejón de Prudencio Bellido 32,Pomar de Valdivia,34813,Palencia
Otilia Acero Verdugo,86418886-C,otiliaaceroverdugo@yahoo.com,651397896,,Alameda María Manuela Alcalá 70 Puerta 4 ,Lorca,30813,Murcia
Amparo Escrivá Morata,18875637-C,amparoescrivamorata@hotmail.com,608145369,9676474390,Rambla de Lupe Gisbert 97,Alcalá del Júcar,02210,Albacete
Olimpia Andrés-Abellán,19421006-J,olimpiaandresabellan@hotmail.com,653852553,9776753085,C. Lucio Vergara 44,Cabra del Camp,43811,Tarragona
Melchor Blázquez Moya,30637780-D,melchorblazquezmoya@yahoo.com,714196999,9762270671,Camino Octavia Rivera 70 Piso 4 ,Ariza,50220,Zaragoza
Tamara Rosselló Vicente,42976940-Z,tamararossellovicente@gmail.com,668881883,,Cañada Mayte Aguirre 27,Larraun,31891,Nafarroa
Jose Angel Lozano Serna,92940612-G,joseangellozanoserna@gmail.com,731285111,9689394035,Calle Custodio Cuenca 48 Puerta 9 ,Caravaca de la Cruz,30410,Murcia
Hugo Sotelo,11865900-Q,hugosotelo@hotmail.com,696537170,9255821655,Avenida Esteban Conde 981,Robledo del Mazo,45675,Toledo
Quirino Pujadas Mascaró,65021942-E,quirinopujadasmascaro@hotmail.com,723443107,9803735199,Cañada Amaro Arévalo 94,Cabañas de Sayago,49709,Zamora
Nilda Ramona Barros Tello,14946326-Y,nildaramonabarrostello@yahoo.com,649396491,9758992970,Acceso Aroa Barreda 37,Deza,42125,Soria
Inmaculada del Garcia,71062549-R,inmaculadadelgarcia@yahoo.com,614045502,,Ronda de Chucho Cepeda 7 Puerta 9 ,Donostia/San Sebastián,20008,Gipuzkoa
Ani Somoza,78374667-M,anisomoza@yahoo.com,684433990,,Via José Luis Torrents 4 Apt. 35 ,Conquista,14448,Córdoba
Manuela Luisa Aguilera Santamaría,48842415-Y,manuelaluisaaguilerasantamaria@hotmail.com,742321660,,Via de Obdulia Benitez 88 Piso 1 ,Montejaque,29360,Málaga
Lázaro Clemente-Zapata,39568897-L,lazaroclementezapata@gmail.com,671539681,9889542569,Vial de Isabela Galvez 5 Piso 9 ,Melón,32410,Ourense
Juan Luis Armengol Ródenas,17145743-W,juanluisarmengolrodenas@hotmail.com,781863467,,Via Rodolfo Morán 1,Barcelona,08025,Barcelona
Eulalia Folch Lerma,26342176-T,eulaliafolchlerma@gmail.com,643101842,,Camino Filomena Polo 701,Aranga,15317,A Coruña
Soraya Roman Belmonte,36055502-N,sorayaromanbelmonte@gmail.com,692771293,9761948519,Camino Ricarda Trillo 416 Puerta 7 ,Tarazona,50500,Zaragoza
Jose Manuel Pepe Nieto Bermejo,75109724-G,josemanuelpepenietobermejo@yahoo.com,655796097,,Cañada Jimena Gracia 89 Piso 9 ,Ezprogui,31492,Nafarroa
Teodosio Pellicer Páez,18763375-K,teodosiopellicerpaez@gmail.com,786577400,9791688879,Cuesta Milagros Clavero 98,Santa Cecilia del Alcor,34191,Palencia
Emiliano del Carpio,34662554-J,emilianodelcarpio@gmail.com,622174869,,Acceso de Nayara Andrés 4 Piso 4 ,Valdés,33782,Asturias
Javiera María Carmen Goicoechea Ríos,56093667-W,javieramariacarmengoicoechearios@gmail.com,789207285,,Calle Eloy Sandoval 24,Sevilleja de la Jara,45673,Toledo
Dulce Marisela Torrijos Soto,36275837-F,dulcemariselatorrijossoto@gmail.com,797000220,959562530,Calle Gaspar Sevillano 58,Málaga,29011,Málaga
Bautista Lucas Fortuny,96102567-B,bautistalucasfortuny@gmail.com,741898495,9715371596,Cañada de Haroldo Rius 7,Calvià,07160,Illes Balears
Jesusa Medina Escalona,73418791-P,jesusamedinaescalona@hotmail.com,719655287,,Cuesta de Pacífica Herranz 6 Piso 3 ,Nerpio,02539,Albacete
Mayte Calzada Montaña,95567148-D,maytecalzadamontana@hotmail.com,624604897,9781727101,Paseo de Flavia Navarrete 16,Aliaga,44158,Teruel
Marciano Borrell,16526500-B,marcianoborrell@gmail.com,689512073,,Avenida Luz Gallart 671,Vilobí del Penedès,08735,Barcelona
Camila Baró Vigil,18046388-J,camilabarovigil@yahoo.com,719594247,,Via de Carmela Peralta 69,Valdearcos de la Vega,47317,Valladolid
Benito Hervia Vargas,32489645-Y,benitoherviavargas@hotmail.com,622706828,,Paseo de Leandra Aliaga 63,"Veiga, A",32367,Ourense
Dalila Taboada Marqués,38178745-X,dalilataboadamarques@hotmail.com,725292706,,Pasaje Diego Vizcaíno 56,Cendea de Olza/Oltza Zendea,31171,Nafarroa
Primitivo del Jara,89182705-K,primitivodeljara@gmail.com,688680934,988492100,Glorieta de Pacífica Báez 30 Apt. 79 ,Oviedo,33195,Asturias
Reina Garzón Piñol,26023444-W,reinagarzonpinol@hotmail.com,615406388,,Pasadizo Inmaculada Narváez 7,Granada,18006,Granada
Pelayo Acero,89112663-Z,pelayoacero@gmail.com,746988368,,Ronda de Iker Soria 82 Apt. 12 ,Vilanova de Arousa,36614,Pontevedra
Amarilis Coronado Valbuena,62772192-V,amariliscoronadovalbuena@gmail.com,769850174,,C. Sebastian Díaz 20 Apt. 73 ,Montehermoso,10810,Cáceres
Ibán Enríquez Mateo,11287739-Y,ibanenriquezmateo@hotmail.com,797299953,,Vial Victorino Palma 95,Òrrius,08317,Barcelona
Cloe Jódar Vilalta,95785938-T,cloejodarvilalta@gmail.com,658776524,9769289991,Camino de Javier Roma 752,Novallas,50510,Zaragoza
Aitana Solana Bertrán,31967913-Y,aitanasolanabertran@gmail.com,612345171,948457195,Plaza de Zaida Corominas 54 Puerta 7 ,Barrika,48650,Bizkaia
Josefina Enríquez,80424890-P,josefinaenriquez@hotmail.com,768745175,,Cuesta Cristina Artigas 90,San Pedro de la Nave-Almendra,49182,Zamora
Sonia Cerdán Lillo,22747061-S,soniacerdanlillo@yahoo.com,776923529,9498214148,Vial Ricardo Carpio 603,Renera,19145,Guadalajara
Saturnina Perla Ferrán Cruz,11542844-H,saturninaperlaferrancruz@yahoo.com,737461220,9422118093,C. de Claudio Morante 92,Reocín,39538,Cantabria
Fabiana Roldan Simó,68233985-T,fabianaroldansimo@hotmail.com,744304818,9579640809,Paseo de Olimpia Herrera 342 Puerta 0 ,Pedro Abad,14630,Córdoba
Obdulia Escolano Dávila,44012460-M,obduliaescolanodavila@hotmail.com,793986936,9265674593,Via de Eugenia Aguilera 43 Apt. 24 ,Almodóvar del Campo,13192,Ciudad Real
Olivia Esmeralda Anaya Ibáñez,49742244-Y,oliviaesmeraldaanayaibanez@gmail.com,704735658,,Calle Rosa María Lerma 84,Onzonilla,24347,León
Dorita Villa Tovar,49069154-B,doritavillatovar@gmail.com,794381122,9752993637,Ronda de María Carmen Zaragoza 18,Reznos,42137,Soria
Timoteo Jordá,66200779-V,timoteojorda@gmail.com,693936445,9422731579,Cuesta Elodia Amigó 8,Vega de Pas,39685,Cantabria
Fabricio Núñez Costa,60026794-Z,fabricionunezcosta@gmail.com,797334864,,Camino de Prudencio Bellido 43,Riaño,24900,León
Blas Sanz Mendoza,45340535-Z,blassanzmendoza@hotmail.com,653334726,9775203044,Camino de Irene Roldan 16 Puerta 0 ,Reus,43203,Tarragona
Leocadio Valls Carbajo,75211207-B,leocadiovallscarbajo@gmail.com,645820178,,Pasaje Marisol Artigas 69,Catadau,46196,Valéncia
Benita de Beltrán,48705130-P,benitadebeltran@gmail.com,712416937,9864245396,Avenida Leandra Vara 13 Apt. 55 ,"Porriño, O",36418,Pontevedra
Arsenio Catalá Puente,98399098-S,arseniocatalapuente@hotmail.com,648417872,9223474464,Paseo de Lupita Carvajal 27 Puerta 6 ,Santa Cruz de Tenerife,38150,Sta. Cruz de Tenerife
Adolfo Cabrera Feijoo,42022030-H,adolfocabrerafeijoo@yahoo.com,722394120,,Paseo Trini Salgado 62 Puerta 5 ,Liérganes,39178,Cantabria
Ofelia Arrieta Andreu,73745606-Q,ofeliaarrietaandreu@gmail.com,747655571,9271947695,Urbanización de Abilio Ferrero 36,Collado de la Vera,10414,Cáceres
Iván Nicolau Ortuño,27397078-F,ivannicolauortuno@gmail.com,642956621,,Via de Soraya Blanch 83,Villacañas,45860,Toledo
Fernando Correa Millán,92181426-W,fernandocorreamillan@hotmail.com,647172428,,Avenida de Dionisio Piñeiro 515,Valdés,33707,Asturias
Sol Planas Navarrete,48577645-N,solplanasnavarrete@yahoo.com,672873756,,Urbanización de Tamara Maestre 7 Piso 0 ,Pueyo,31394,Nafarroa
Alicia Ariño Navarro,98138279-Q,aliciaarinonavarro@gmail.com,752846303,9774406218,Camino de Benito Lluch 13 Apt. 05 ,Arnes,43597,Tarragona
Abraham Rivera-Alcántara,16541963-H,abrahamriveraalcantara@gmail.com,759215974,9802830399,Glorieta Pilar Olmedo 46 Puerta 2 ,Zamora,49008,Zamora
Mohamed Mascaró Hervás,79538477-S,mohamedmascarohervas@hotmail.com,683955823,939381951,Calle Clemente Garcés 74,"Torre de Claramunt, La",08789,Barcelona
Luciano Boada Segura,92719207-C,lucianoboadasegura@hotmail.com,730959048,9808526577,Camino de Severiano Gascón 674 Apt. 41 ,Zamora,49019,Zamora
Angelino Tejera Gomez,90847868-F,angelinotejeragomez@gmail.com,604985058,9590543505,Cuesta Susana Hoyos 45,San Silvestre de Guzmán,21591,Huelva
Virginia Vara-Doménech,52463344-E,virginiavaradomenech@yahoo.com,732439044,,Avenida Nacio Corbacho 56,Valencia,46003,Valéncia
Aristides Pomares Boix,72841989-T,aristidespomaresboix@hotmail.com,671112073,919742758,Pasadizo Genoveva Giralt 7,"Escorial, El",28219,Madrid
Virgilio Cózar Cuesta,70059294-Y,virgiliocozarcuesta@gmail.com,783623670,,Glorieta de Leire Salamanca 83 Apt. 94 ,Cartagena,30391,Murcia
Lucio de Castillo,67009088-Z,luciodecastillo@hotmail.com,733307829,,Rambla de Alex Acuña 16,Sancedo,24439,León
Jose Rosales,42647944-X,joserosales@gmail.com,722718910,9811526280,Avenida Jose Angel Marín 317 Apt. 37 ,Narón,15570,A Coruña
Tania Herminia Toledo Llanos,64624161-A,taniaherminiatoledollanos@yahoo.com,706572494,9864939770,Alameda de Heliodoro Vargas 3 Apt. 25 ,Salceda de Caselas,36471,Pontevedra
Rosa Monreal Escobar,25503537-X,rosamonrealescobar@gmail.com,652061271,,Avenida Esther Vilalta 72 Piso 2 ,San Sadurniño,15562,A Coruña
Paola Aznar Arce,94666559-P,paolaaznararce@hotmail.com,600264845,,Alameda de Estrella Téllez 21,Rioseco de Tapia,24274,León
Aroa Larrea Pera,86283777-J,aroalarreapera@hotmail.com,656279729,9214694205,Alameda Samanta Gálvez 26 Piso 8 ,Duruelo,40312,Segovia
Cecilio Aguiló Lucas,62704161-C,cecilioaguilolucas@gmail.com,651946148,,Ronda Eligio Mancebo 36,Sant Joan de Mollet,17463,Girona
Ceferino Arribas Duarte,38324098-A,ceferinoarribasduarte@gmail.com,777738918,9586833621,Pasaje Ulises Sáenz 3,Ítrabo,18600,Granada
Rosa María Noemí Milla Tolosa,79250065-T,rosamarianoemimillatolosa@gmail.com,629546148,9219930179,Paseo de Lucio Barral 1,Grajera,40569,Segovia
Nuria Quero Herrero,22423768-X,nuriaqueroherrero@yahoo.com,657885221,,Alameda de Nicodemo Briones 574 Piso 1 ,"Navalmorales, Los",45140,Toledo
Borja Eloy Cobos Castañeda,91956093-T,borjaeloycoboscastaneda@yahoo.com,711426917,9749696420,Cañada Gracia Vara 80 Puerta 3 ,Palo,22337,Huesca
Leandra de Cabañas,71138979-W,leandradecabanas@yahoo.com,656746634,9425487563,Ronda Buenaventura Rodríguez 230,Cabezón de Liébana,39573,Cantabria
Ascensión Galindo,43080712-X,ascensiongalindo@gmail.com,719327167,9288991649,Calle Feliciano Múgica 37,Pájara,35625,Las Palmas
Celestino Jara Álvarez,73440336-W,celestinojaraalvarez@yahoo.com,662984591,9506063713,Cuesta de Lorenza Sanz 22 Apt. 73 ,Altea,03590,Alacant
Olegario Muro-Jaén,83645689-W,olegariomurojaen@hotmail.com,651504170,,Calle Salomón Menendez 83,Molina de Segura,30506,Murcia
Jordi Piñol Morcillo,44155936-F,jordipinolmorcillo@yahoo.com,775467016,9277486565,Pasadizo de Gala Donaire 17,Villasbuenas de Gata,10858,Cáceres
Sonia Boix,30376658-Y,soniaboix@gmail.com,773902279,,Callejón de Rafa Mayoral 222 Piso 2 ,Valacloche,44191,Teruel
Encarnacion Feliu Flor,39138168-B,encarnacionfeliuflor@yahoo.com,634996618,966656521,Paseo de Paca Calvet 820 Puerta 0 ,Chelva,46176,Valéncia
Benita Rodríguez Villa,22720368-W,benitarodriguezvilla@gmail.com,705716946,,Camino de Roberta Prieto 76,Sinarcas,46320,Valéncia
Jaime Adrián Jove Montoya,65219549-J,jaimeadrianjovemontoya@hotmail.com,758268630,,Ronda de Fabiana Barral 24,Santanyí,07650,Illes Balears
Federico Rafa Zabala Domínguez,67313119-P,federicorafazabaladominguez@gmail.com,789183955,9813605285,Plaza de Carla Gallego 964,Val do Dubra,15872,A Coruña
Manuela Barberá Puerta,17000546-G,manuelabarberapuerta@yahoo.com,769625810,,Camino Cruz Medina 742,Motilla del Palancar,16200,Cuenca
Caridad Peñas Vila,30527556-R,caridadpenasvila@gmail.com,665465884,967022603,Alameda de Laura Tejera 123 Apt. 06 ,Valencia,46008,Valéncia
Lorenza Beltran Sabater,77098157-H,lorenzabeltransabater@gmail.com,692332777,,Acceso de José Luis Catalá 6 Piso 2 ,Cudillero,33157,Asturias
Eli Iniesta-Grau,78149045-J,eliiniestagrau@yahoo.com,661127618,,Urbanización de Herminia Morillo 954,Picanya,46210,Valéncia
Jose Ignacio Luz Iglesias,37261709-F,joseignacioluziglesias@gmail.com,787067693,,Pasaje de Salvador Vall 20 Puerta 6 ,Igualeja,29440,Málaga
Leocadio Rodríguez Cantero,85746497-J,leocadiorodriguezcantero@yahoo.com,728593825,9234336061,Acceso Patricio Bernat 55 Apt. 78 ,Sardón de los Frailes,37172,Salamanca
Raimundo Jover Palomino,18200482-F,raimundojoverpalomino@hotmail.com,633916850,9233921762,Camino de Jessica Benavente 598 Puerta 1 ,Gomecello,37420,Salamanca
Nicolasa Moles,27457704-M,nicolasamoles@gmail.com,609381018,9486155903,Pasaje Pedro Gimenez 1 Puerta 9 ,Pamplona/Iruña,31009,Nafarroa
Azahara Verdugo Solana,47705055-L,azaharaverdugosolana@yahoo.com,679566895,,Callejón Amanda Segovia 97 Apt. 55 ,Pontevedra,36160,Pontevedra
Cándida López Llabrés,85872653-Z,candidalopezllabres@yahoo.com,774669093,9237610598,Vial Ámbar Romeu 93 Apt. 12 ,Almendra,37176,Salamanca
Virginia Patiño-Garay,44330452-E,virginiapatinogaray@yahoo.com,602632864,,Acceso Casemiro Sevillano 65 Piso 1 ,Soria,42005,Soria
Silvia Heredia Romero,39153105-K,silviaherediaromero@hotmail.com,614945107,9216830945,Calle Ruben Cueto 12,Nava de la Asunción,40461,Segovia
Salomé Marin Escribano,64826631-G,salomemarinescribano@gmail.com,784062413,,Vial Elisa Benítez 30,Argoños,39197,Cantabria
Gervasio Nieto,44192091-Y,gervasionieto@hotmail.com,627389179,,Cuesta de Quirino Solano 46 Piso 7 ,"Realejos, Los",38415,Sta. Cruz de Tenerife
Dionisia Jove Santiago,13242700-J,dionisiajovesantiago@hotmail.com,629886194,9745359419,Vial de José Antonio Martí 9,Palo,22337,Huesca
Graciano Guerrero Guerra,36006303-X,gracianoguerreroguerra@gmail.com,693543071,,Pasadizo Inés Hernando 64,Xunqueira de Ambía,32679,Ourense
Balduino Galván Prats,90974614-T,balduinogalvanprats@hotmail.com,656034225,,Avenida Urbano Vera 624,Sanchonuño,40297,Segovia
Álvaro de Saldaña,92193502-A,alvarodesaldana@yahoo.com,707728836,9677257570,Cañada de Pía Verdejo 71,Paterna del Madera,02136,Albacete
Reyes Fabra Castro,30361396-Q,reyesfabracastro@hotmail.com,741629459,,Ronda de Juana Niño 714,Ponferrada,24414,León
Albert Gerónimo Carretero Mur,17929867-X,albertgeronimocarreteromur@gmail.com,714372024,9206274471,Plaza de Marciano Verdú 344,Níjar,04115,Almería
Ester Mármol Peña,90345935-A,estermarmolpena@hotmail.com,609950180,,Camino Hernán Morillo 86 Puerta 7 ,Puebla de Alcocer,06630,Badajoz
Dan del Cortés,16548111-W,dandelcortes@gmail.com,646558038,9489916925,Cañada de José Peñas 50,Izalzu/Itzaltzu,31689,Nafarroa
Alcides Gutiérrez Cuenca,80761620-H,alcidesgutierrezcuenca@gmail.com,794873182,9678535417,Via de Nuria Morera 246,Yeste,02482,Albacete
Ignacio de Bolaños,85886230-K,ignaciodebolanos@gmail.com,699462785,9678220759,Vial Nicodemo Cal 771 Apt. 45 ,Salobre,02316,Albacete
Mirta Botella Quesada,52454396-K,mirtabotellaquesada@hotmail.com,716160450,9688064334,Paseo de Cruz Garay 89 Puerta 3 ,Murcia,30169,Murcia
Toni Figueras-Aranda,56531885-R,tonifiguerasaranda@gmail.com,708606850,9800018548,Rambla de Jafet Fabregat 80 Apt. 73 ,Asturianos,49348,Zamora
Genoveva Marin,19995596-V,genovevamarin@hotmail.com,737037471,,Calle Coral Guitart 38 Apt. 21 ,Isona i Conca Dellà,25655,Lleida
Julio César Bueno Gomez,20312465-S,juliocesarbuenogomez@gmail.com,744285545,,Camino de Telmo Santamaría 8 Apt. 69 ,Gáldar,35460,Las Palmas
Fidel Ferrero Gallardo,99965721-Q,fidelferrerogallardo@hotmail.com,626547901,950243534,Cañada Inocencio Espinosa 377 Apt. 59 ,Melilla,52006,Melilla
Angelita Gelabert Rueda,51291018-Y,angelitagelabertrueda@yahoo.com,662909539,,Cañada Lalo Artigas 78,Cuevas de Provanco,40239,Segovia
Margarita Gual Bautista,19184463-W,margaritagualbautista@gmail.com,798678878,9816109729,Rambla Lilia Rosell 44 Piso 4 ,Cee,15270,A Coruña
Vinicio Luz Jiménez,55784474-K,vinicioluzjimenez@gmail.com,732396616,,Via Antonia Cantero 83 Puerta 5 ,Rianxo,15928,A Coruña
Mónica del Castilla,52917651-X,monicadelcastilla@yahoo.com,714659426,9230377304,Pasadizo de Leire Quirós 146,Encinas de Abajo,37874,Salamanca
Ainara Aranda Saura,95130648-A,ainaraarandasaura@hotmail.com,730019579,,Ronda de Lupe Arnau 41,Sant Cebrià de Vallalta,08396,Barcelona
Soraya Gilabert Rosselló,99129548-P,sorayagilabertrossello@hotmail.com,748396621,9689457253,Urbanización de Ruperta Río 3,Murcia,30589,Murcia
Benigna Montenegro-Pardo,58290389-V,benignamontenegropardo@hotmail.com,667213796,,Calle de Guadalupe Alegre 67,Celanova,32800,Ourense
Dorotea Marín-Cantón,22499028-Z,doroteamarincanton@gmail.com,630518621,9782032251,Camino Leyre Alcalde 240,Aliaga,44150,Teruel
Íngrid Benavent Montaña,45362262-Y,ingridbenaventmontana@gmail.com,770231027,9425196090,Ronda de Cristina Artigas 66 Puerta 8 ,Soba,39806,Cantabria
Reynaldo Ros-Valentín,53066708-G,reynaldorosvalentin@yahoo.com,744669549,,Pasaje Teobaldo Zamora 670 Puerta 2 ,Ossó de Sió,25318,Lleida
Nicodemo Pina Pacheco,38541718-C,nicodemopinapacheco@yahoo.com,688683936,,Paseo Valentina Raya 14 Piso 1 ,Pulpí,04649,Almería
Victoriano Anguita Chaparro,34187933-C,victorianoanguitachaparro@yahoo.com,751608799,,Acceso Celestino Ferrero 23 Piso 5 ,Coslada,28823,Madrid
Saturnino Palacios-Madrigal,92675944-C,saturninopalaciosmadrigal@yahoo.com,655785938,9424278704,Paseo Alma Nogueira 143,Herrerías,39594,Cantabria
Araceli Zurita Carretero,80543918-B,aracelizuritacarretero@yahoo.com,713850754,9868353137,Alameda Leocadia Pascual 967,Cambados,36639,Pontevedra
Miguel Moliner Egea,29700389-Y,miguelmolineregea@yahoo.com,667360840,9742964469,Cañada de Fernando Mendizábal 18 Apt. 33 ,Sabiñánigo,22613,Huesca
Ciríaco Espiridión Salgado Agustín,21106898-M,ciriacoespiridionsalgadoagustin@yahoo.com,723242314,,Pasaje Mar Borrego 667,Barjas,24740,León
Baudelio del Llanos,28033764-F,baudeliodelllanos@gmail.com,658897247,,Pasaje Saturnino Tolosa 74,Pozuelo de Calatrava,13179,Ciudad Real
Amor Barberá Ángel,38824405-Z,amorbarberaangel@hotmail.com,627532506,,Callejón de Américo Lago 7 Apt. 35 ,"Palmas de Gran Canaria, Las",35001,Las Palmas
Dorita Atienza Colom,52945581-H,doritaatienzacolom@yahoo.com,669099554,,Vial de Sonia Camps 78 Puerta 1 ,Totalán,29197,Málaga
Anastasia Boada Meléndez,98259906-L,anastasiaboadamelendez@hotmail.com,715447656,,Camino Federico Ayuso 9,Gijón,33393,Asturias
Pepe Ferrera Figuerola,83926516-E,pepeferrerafiguerola@gmail.com,668418932,,Pasadizo Azucena Llorens 30 Piso 1 ,Villanúa,22870,Huesca
Leonel Baró Jordá,49567258-G,leonelbarojorda@hotmail.com,616718513,,Calle de Noé Medina 342,Ames,15895,A Coruña
Eusebia de Nicolás,57416807-K,eusebiadenicolas@gmail.com,685457520,9722657389,Rambla Apolinar Sevillano 327 Apt. 49 ,Maçanet de la Selva,17412,Girona
Julio Calderón Benítez,24751865-R,juliocalderonbenitez@yahoo.com,791353918,,Plaza Socorro Canet 29,Velilla de San Antonio,28891,Madrid
Clara Mamen Arana Castell,14289121-A,claramamenaranacastell@yahoo.com,788247500,,Paseo Paulina Barceló 70 Puerta 2 ,Torrejón de la Calzada,28991,Madrid
Domitila Calleja Soria,99176177-Q,domitilacallejasoria@hotmail.com,785742249,9729362950,C. de Mariana Goicoechea 25 Piso 4 ,Llambilles,17243,Girona
Viviana Oliva Rosselló,15528783-B,vivianaolivarossello@hotmail.com,739513371,,Cañada de Marciano Aliaga 3 Apt. 24 ,Garafía,38728,Sta. Cruz de Tenerife
Albina Dafne Viña Godoy,40647283-G,albinadafnevinagodoy@hotmail.com,653546483,9234832712,Ronda Sarita Saez 36,Martín de Yeltes,37494,Salamanca
María Ángeles Donoso Saldaña,37708032-S,mariaangelesdonososaldana@yahoo.com,799426233,9680082761,Callejón de Luisa Téllez 83,Cartagena,30391,Murcia
Amando Cardona,86490896-V,amandocardona@yahoo.com,797996243,,Glorieta de Lola Alcalde 8,Orba,03790,Alacant
Espiridión Jaume Font,37924856-H,espiridionjaumefont@gmail.com,657240113,9211771477,Vial Felisa Cazorla 618 Puerta 1 ,Sotillo,40311,Segovia
Leandra Gómez Agustí,46212158-Y,leandragomezagusti@gmail.com,739423718,,Cañada de Nicodemo Blanes 9,Salas de los Infantes,09600,Burgos
Augusto Mayoral Olmedo,69153493-Z,augustomayoralolmedo@gmail.com,727527250,,Glorieta Pepito Zapata 67,Fene,15500,A Coruña
Azeneth Camacho Andres,80958497-S,azenethcamachoandres@gmail.com,761887620,9816980606,Rambla Pastor Cortes 405 Puerta 4 ,Ponteceso,15114,A Coruña
Arcelia Chaves Arnau,80554861-Y,arceliachavesarnau@gmail.com,782567462,910540843,Rambla Baltasar Miguel 243 Puerta 3 ,Villaviciosa de Odón,28670,Madrid
Emelina Gárate Tejada,84257528-H,emelinagaratetejada@yahoo.com,726280074,9823604567,Pasadizo Febe Morante 5,Cervo,27889,Lugo
Fabiola Aroca,16504854-P,fabiolaaroca@gmail.com,617926170,9777270583,Camino Inés Marin 43,Vila-seca,43481,Tarragona
Lucho Priego Díaz,88252787-Q,luchopriegodiaz@yahoo.com,662413409,9539951535,Vial Martin Navas 59 Puerta 6 ,Porcuna,23790,Jaén
Joan Madrigal Cepeda,33881178-Q,joanmadrigalcepeda@hotmail.com,649021140,9207943072,Callejón de Amílcar Aller 78 Puerta 4 ,Níjar,04100,Almería
Josep de Pulido,39971695-H,josepdepulido@hotmail.com,720673401,9839526340,Pasaje Rafaela Saez 647,Bercero,47115,Valladolid
Ignacia Irma Baena Bartolomé,36499461-W,ignaciairmabaenabartolome@hotmail.com,641077034,,Ronda Noemí Bautista 56,Navia de Suarna,27652,Lugo
Albano Torrecilla Milla,78712683-J,albanotorrecillamilla@hotmail.com,637390122,9415905985,Urbanización Leyre Diéguez 90,Nestares,26110,La Rioja
Lorenzo de Figueroa,16921389-J,lorenzodefigueroa@hotmail.com,737644450,,Vial de Noelia Llabrés 35,Fuente Obejuna,14298,Córdoba
Olalla Espada Gomis,55155418-S,olallaespadagomis@hotmail.com,750281494,,Acceso Rosendo Tomas 477 Puerta 8 ,Grisén,50297,Zaragoza
Abril del Ruano,53110395-Z,abrildelruano@yahoo.com,687632988,9743824986,Glorieta Alex Romeu 34,Jaca,22620,Huesca
Trinidad del Narváez,18596604-T,trinidaddelnarvaez@hotmail.com,743757829,9816664413,Via de Norberto Sabater 892 Apt. 80 ,Pontedeume,15608,A Coruña
Eligio Palomar Ferrán,69296199-M,eligiopalomarferran@gmail.com,749194468,9889335200,Paseo Asdrubal Bartolomé 63 Puerta 4 ,Vilamartín de Valdeorras,32316,Ourense
Desiderio Mendoza Patiño,70061350-S,desideriomendozapatino@hotmail.com,740280789,,Pasadizo Pastora Beltran 312,Guntín,27181,Lugo
Sandalio Baró,95158345-P,sandaliobaro@hotmail.com,617888254,9536140541,Callejón Belen Dueñas 624 Puerta 4 ,"Carolina, La",23200,Jaén
Trinidad Soriano Santiago,30318214-M,trinidadsorianosantiago@yahoo.com,761261118,,Via de Nazaret Planas 510 Apt. 99 ,Taboada,27556,Lugo
Alejandro Romero Aranda,95354363-C,alejandroromeroaranda@gmail.com,629797227,9876695959,Camino de Ana Sofía Fortuny 76 Piso 0 ,Valdefresno,24227,León
Miguel Ángel Ruano Almeida,75235862-X,miguelangelruanoalmeida@gmail.com,670735696,,Acceso Anna Sala 42,Gargüera,10696,Cáceres
Olegario Estrada-Martí,29237330-Y,olegarioestradamarti@hotmail.com,734090133,,Rambla Felicia Manjón 360,Corporales,26259,La Rioja
Raquel Higueras Dominguez,42430606-E,raquelhiguerasdominguez@hotmail.com,675057223,9811785360,Plaza de Humberto Almansa 94 Apt. 14 ,Cabana de Bergantiños,15149,A Coruña
Borja Desiderio Abad Río,30272658-N,borjadesiderioabadrio@gmail.com,732387091,,Pasadizo Eutropio Valera 19 Apt. 16 ,Cájar,18199,Granada
Isidro Tello-Calvo,32882330-N,isidrotellocalvo@gmail.com,738679116,9758892638,C. Trinidad Vilaplana 87,Velamazán,42392,Soria
Leire Cánovas Dominguez,66114799-B,leirecanovasdominguez@yahoo.com,654872443,,Vial de Clara Trillo 66 Puerta 4 ,Teruel,44002,Teruel
Vasco Ferrándiz,15461470-L,vascoferrandiz@yahoo.com,648475110,981920404,Ronda Saturnino Pineda 1,Aller,33684,Asturias
Olimpia Criado Serna,11689520-T,olimpiacriadoserna@yahoo.com,647857013,9696996926,C. Luciana Orozco 764,Mira,16393,Cuenca
Anunciación Echevarría Falcó,90116617-H,anunciacionechevarriafalco@gmail.com,724462610,950230756,Camino de Basilio Ribes 80 Apt. 88 ,"Cabezas de San Juan, Las",41730,Sevilla
Javi Alcántara Catalá,49160611-C,javialcantaracatala@gmail.com,690555512,,Alameda de Nicodemo Solana 56 Puerta 0 ,Granátula de Calatrava,13360,Ciudad Real
Miguela Peñalver-Álvaro,78609670-V,miguelapenalveralvaro@yahoo.com,683782234,9283843204,Paseo de Lucila Casal 39,Arrecife,35500,Las Palmas
Urbano Valls Cisneros,39111164-D,urbanovallscisneros@gmail.com,730230138,,C. Dalila Piquer 3,Mas de las Matas,44564,Teruel
Raquel Pagès Bernal,52957656-H,raquelpagesbernal@yahoo.com,732255329,9246545465,Pasaje de Agustín Palomo 2,Piedrahíta,05500,Ávila
Juan Luis Sobrino Álvarez,86488149-F,juanluissobrinoalvarez@gmail.com,771842804,912528654,C. Flavio Solano 9,Madrid,28034,Madrid
Eli Sanmartín Roda,62616378-M,elisanmartinroda@yahoo.com,604432354,9205756140,Vial de Laura Guardia 55,Níjar,04117,Almería
Domitila Castilla Cid,74542476-M,domitilacastillacid@hotmail.com,681712727,,Calle de Gabino Moles 41 Piso 1 ,Voto,39762,Cantabria
Rico Alberto Borrell Vicens,39913680-D,ricoalbertoborrellvicens@yahoo.com,752669947,,Pasaje de Rosalinda Oliveras 82 Apt. 35 ,Guarrate,49156,Zamora
Álvaro Diez Carvajal,41757279-C,alvarodiezcarvajal@yahoo.com,740564070,,Paseo Francisca Cabrero 64,Casas-Ibáñez,02200,Albacete
Edelmiro Cervera Lozano,15545091-N,edelmirocerveralozano@hotmail.com,642621383,,C. Inmaculada Bonet 13,Rionegro del Puente,49326,Zamora
Renato León Galan Roselló,97819608-X,renatoleongalanrosello@gmail.com,754966116,9785308576,Pasaje de Nicolasa Ferrer 7,Santa Cruz de Nogueras,44497,Teruel
Juan Antonio Bermúdez Cabañas,61369571-M,juanantoniobermudezcabanas@yahoo.com,653756190,9889509966,Pasadizo Ligia Pineda 74,Rubiá,32312,Ourense
Octavio Montes Abad,46143995-S,octaviomontesabad@hotmail.com,632879520,9804147461,Glorieta de Marcelino Nogueira 53,Zamora,49010,Zamora
Emperatriz Rey Egea,43706084-N,emperatrizreyegea@gmail.com,768967652,,Cañada de Leocadia Carbó 79,Isona i Conca Dellà,25653,Lleida
Alejo Alfaro Real,75200173-V,alejoalfaroreal@gmail.com,670850905,,Rambla de Noelia Riquelme 23,Palazuelos de Muñó,09226,Burgos
Eutropio del Alcántara,57184452-N,eutropiodelalcantara@gmail.com,727797020,9787564633,Rambla Curro Silva 12 Apt. 20 ,Camañas,44167,Teruel
Jacinto Jordán Lillo Morillo,65683910-G,jacintojordanlillomorillo@yahoo.com,765384335,,Cuesta de Abilio Ferrández 43 Puerta 3 ,Ponferrada,24003,León
Tania Osorio Gutierrez,36280738-D,taniaosoriogutierrez@gmail.com,603253420,9563749611,Cuesta de Susana Lillo 4 Puerta 3 ,Jerez de la Frontera,11402,Cádiz
Armida Sales Morera,95032414-W,armidasalesmorera@yahoo.com,634988080,,Urbanización Armida Bru 65 Puerta 0 ,Boqueixón,15882,A Coruña
Alejandro Osuna Cervera,72538449-Z,alejandroosunacervera@hotmail.com,745459958,,Avenida Ceferino Barrios 3 Piso 5 ,Val do Dubra,15871,A Coruña
Reyna Melero Osorio,63241005-K,reynameleroosorio@hotmail.com,637690878,,Camino de Ulises Sandoval 86,Súria,08260,Barcelona
Gerónimo Gabaldón-Agullo,18005064-C,geronimogabaldonagullo@yahoo.com,752966342,9887845211,Ronda de Delia Bueno 326,"Veiga, A",32357,Ourense
Luisa Segovia Ibáñez,53384817-T,luisasegoviaibanez@gmail.com,632549417,932814404,Via Merche Durán 9 Piso 5 ,Sitges,08872,Barcelona
Gisela Briones Coello,68070723-S,giselabrionescoello@gmail.com,701318849,9208388348,Camino Isaura Páez 8,Senés,04213,Almería
Nuria Alegria Guardiola,57507652-Q,nuriaalegriaguardiola@hotmail.com,731805509,,C. de Lorena Noriega 52,Teverga,33111,Asturias
Leonor Cazorla Chamorro,23443339-Z,leonorcazorlachamorro@hotmail.com,656968152,,Avenida de Lisandro Zamora 55,Huérmeces del Cerro,19295,Guadalajara
Porfirio Vicente,77825656-G,porfiriovicente@gmail.com,746635774,919215882,Paseo de Marc Morales 866,Madrid,28014,Madrid
Nazario Ezequiel Carro Lobo,26470537-K,nazarioezequielcarrolobo@hotmail.com,715801559,9413210720,Camino Candelas Palau 66 Piso 6 ,Briones,26330,La Rioja
Leire Cantón Girona,24365976-Y,leirecantongirona@yahoo.com,602543023,,Glorieta de Pancho Buendía 46,Valencia,46004,Valéncia
Maristela del Díez,14411907-S,maristeladeldiez@yahoo.com,775221808,,Calle de Severino Quiroga 35 Piso 1 ,Reocín,39530,Cantabria
Aura Bejarano Bolaños,53787531-F,aurabejaranobolanos@gmail.com,669506597,953113271,Cañada Ariel Alarcón 26 Apt. 11 ,Sierra de Yeguas,29328,Málaga
Ruperto Guardia-Echevarría,50593989-S,rupertoguardiaechevarria@gmail.com,633185472,9810138567,Urbanización de Anna Parra 98,Monfero,15619,A Coruña
Abilio Pinto Sanmiguel,96576070-J,abiliopintosanmiguel@yahoo.com,756091748,9481894280,Camino Matías Berenguer 54 Puerta 7 ,Villafranca,31330,Nafarroa
Manuelita Tenorio-Palma,96957312-F,manuelitatenoriopalma@gmail.com,643584238,9485781773,Paseo Rosario Andreu 91,Lekunberri,31870,Nafarroa
Amalia Aitana Gras Santana,13848424-D,amaliaaitanagrassantana@gmail.com,771613206,,C. Manola Iriarte 44,San Cristovo de Cea,32134,Ourense
Herminio Martín Ferrera,17774992-V,herminiomartinferrera@gmail.com,633426004,9430301183,Vial Faustino Pastor 57,Beasain,20200,Gipuzkoa
Baudelio Jiménez Cortes,78775066-C,baudeliojimenezcortes@yahoo.com,793853063,9213068799,Vial Anunciación Uriarte 15 Puerta 9 ,Mata de Cuéllar,40214,Segovia
Gala Beltran Patiño,76599807-D,galabeltranpatino@gmail.com,624923267,9763023349,C. de Noemí Lopez 179,Gallur,50650,Zaragoza
Emperatriz Navarrete-Múgica,48538103-F,emperatriznavarretemugica@gmail.com,708851319,9860669982,Urbanización Virginia Abad 2,Cambados,36630,Pontevedra
Luisina Nadia Rueda Arcos,21583492-Q,luisinanadiaruedaarcos@hotmail.com,766380646,,Calle de Berto Alonso 979 Apt. 64 ,Ubide,48145,Bizkaia
Carmina de Blasco,22912716-R,carminadeblasco@yahoo.com,732513991,,Plaza de Cruz Salas 659 Puerta 3 ,Sada,15169,A Coruña
Adelardo Torrijos Salinas,30926851-Q,adelardotorrijossalinas@hotmail.com,729494575,9772707821,Callejón Marcelino Landa 12,Castellvell del Camp,43392,Tarragona
Abel Roman-Pujadas,21419694-R,abelromanpujadas@yahoo.com,619816890,9836145697,Cañada de Eloy Hurtado 401,Villabáñez,47329,Valladolid
Estela Mariana Bilbao Corral,78059825-X,estelamarianabilbaocorral@gmail.com,762374849,,Urbanización José Antonio Calatayud 8,Noalejo,23140,Jaén
Ciriaco Casado,90905512-J,ciriacocasado@yahoo.com,714783478,9788390881,Plaza José Antonio Patiño 89,Terriente,44120,Teruel
Osvaldo Jeremías Pont Lillo,64109927-A,osvaldojeremiaspontlillo@yahoo.com,625723528,9482957496,Rambla Pedro Cañellas 48 Piso 0 ,Urzainqui/Urzainki,31416,Nafarroa
Cristóbal Ponce Verdugo,14609155-S,cristobalponceverdugo@yahoo.com,684585256,9431708621,Camino de Victorino Pozo 930,Soraluze-Placencia de las Armas,20590,Gipuzkoa
Dorita Corral,38172822-K,doritacorral@hotmail.com,786435890,9833483358,Vial Carmen Flor 4 Apt. 44 ,Valladolid,47007,Valladolid
Félix de Gomila,99310215-X,felixdegomila@yahoo.com,707404260,9723572475,Camino de Yago Franco 6 Puerta 0 ,Colera,17496,Girona
Jose Luis Tena Viana,69884673-R,joseluistenaviana@hotmail.com,665160828,9502330178,Callejón Maite Ramírez 20 Puerta 7 ,Villena,03400,Alacant
Octavia Arnal Llanos,46616080-W,octaviaarnalllanos@yahoo.com,721388963,,Vial Ana Prat 2,Elgoibar,20870,Gipuzkoa
Quirino Olmedo Morcillo,62428065-Q,quirinoolmedomorcillo@yahoo.com,795579016,9480218087,Pasadizo Salud Menéndez 86,Urdazubi/Urdax,31711,Nafarroa
Jose Miguel de Alsina,16788914-H,josemigueldealsina@hotmail.com,763282643,,Alameda Celso Macias 62 Piso 3 ,Pozuelo de Aragón,50529,Zaragoza
Marisela Paola Manjón Mendez,72125923-Q,mariselapaolamanjonmendez@hotmail.com,706423003,9232220958,Cuesta de Leocadia Barba 3 Apt. 32 ,Matilla de los Caños del Río,37453,Salamanca
Godofredo Oller Adadia,75344605-D,godofredoolleradadia@yahoo.com,644534783,,Camino Fulgencio Galván 42,Pallejà,08753,Barcelona
Luis Miguel Pérez Badía,84418605-A,luismiguelperezbadia@gmail.com,792856537,,C. de Román Rueda 4,Quirós,33115,Asturias
Mariana Gallart Higueras,30756457-Y,marianagallarthigueras@hotmail.com,785070572,,Via Dani Cuéllar 5 Apt. 68 ,Maranchón,19280,Guadalajara
Onofre Losa-Goñi,72010460-J,onofrelosagoni@yahoo.com,770447401,9228703611,Cuesta de Zoraida Moliner 14 Piso 3 ,"Sauzal, El",38360,Sta. Cruz de Tenerife
Chelo Reina Zamorano,69265424-G,cheloreinazamorano@hotmail.com,630389408,,Calle de Leire Olmo 929,Santa Cruz de Grío,50324,Zaragoza
Liliana Sarmiento Diego,79991219-W,lilianasarmientodiego@hotmail.com,745315208,,Glorieta de Ágata Vicente 94,Guadalupe,10140,Cáceres
Pilar Modesta Talavera Madrid,85142212-F,pilarmodestatalaveramadrid@hotmail.com,620509397,9735289151,Calle de Jacinto Llobet 12,Fulleda,25411,Lleida
Rolando Lope Bejarano Albero,21453501-K,rolandolopebejaranoalbero@hotmail.com,747566027,969864984,Via de Eloísa Arjona 605 Puerta 7 ,Almoines,46723,Valéncia
Elpidio Tormo Paz,61000738-T,elpidiotormopaz@gmail.com,607369507,9790594055,Acceso de Maristela Garcés 93 Puerta 1 ,Aguilar de Campoo,34800,Palencia
Adelaida Conesa Ferrer,88698818-P,adelaidaconesaferrer@yahoo.com,751871240,,Callejón de Encarnita Juan 10,Benissanet,43747,Tarragona
Nydia Padilla,66090118-D,nydiapadilla@hotmail.com,643933965,,Urbanización Marco Uría 3,Barberà de la Conca,43442,Tarragona
Calixta Lago-Solano,80834093-H,calixtalagosolano@gmail.com,639032674,,Rambla Santos Suárez 298 Piso 9 ,Barcelona,08010,Barcelona
Catalina Baena,60101556-A,catalinabaena@hotmail.com,724161080,9599893003,C. de Mercedes Lasa 881 Puerta 0 ,Higuera de la Sierra,21220,Huelva
Galo Sedano Cobos,68400544-Q,galosedanocobos@hotmail.com,697315533,,Urbanización de Epifanio Leal 19 Apt. 47 ,Santiago de Compostela,15707,A Coruña
Ezequiel Fulgencio Vives Estévez,61523310-N,ezequielfulgenciovivesestevez@hotmail.com,733555096,969068935,Plaza de Nando Lillo 96 Apt. 24 ,Jalance,46624,Valéncia
Rosa Giner Losada,27657798-E,rosaginerlosada@yahoo.com,781341986,9806199141,Pasadizo de Isabel Cid 81,Zamora,49011,Zamora
Isidro Gimenez Blázquez,19911438-Q,isidrogimenezblazquez@gmail.com,605353075,,Pasaje Haydée Téllez 61,Molina de Aragón,19300,Guadalajara
Sarita Antúnez-Ruiz,23337022-A,saritaantunezruiz@hotmail.com,755386036,,Via de Paca Porras 39 Puerta 7 ,Vilamalla,17469,Girona
Lucho Jove Batlle,68637475-R,luchojovebatlle@yahoo.com,767406831,9211718818,Urbanización Lidia Chamorro 44 Puerta 9 ,Pradales,40540,Segovia
Calixta Cánovas Anglada,19603280-N,calixtacanovasanglada@gmail.com,611608597,9265586536,Urbanización de Manuela Vilar 17,"Solana, La",13240,Ciudad Real
Graciano Alcázar Palomares,42147003-D,gracianoalcazarpalomares@yahoo.com,634512448,,Vial de Rosa María Saura 91,Benagéber,46173,Valéncia
Gertrudis Pina Seguí,22829754-T,gertrudispinasegui@gmail.com,792875700,9276287411,Callejón Cesar Milla 756,Santiago de Alcántara,10510,Cáceres
Efraín Nuñez Gracia,19037822-D,efrainnunezgracia@gmail.com,751851727,9786477263,Acceso de Balduino Esteve 3,Torrecilla de Alcañiz,44640,Teruel
Ceferino Félix Sotelo Juárez,90940237-P,ceferinofelixsotelojuarez@yahoo.com,620973330,,Camino de Amor Exposito 56,Zarra,46621,Valéncia
Borja Portero Reina,74427681-A,borjaporteroreina@hotmail.com,650427518,9500301816,Rambla Paola Quintana 22,Alicante/Alacant,03009,Alacant
Chucho Carlos-Noriega,91204839-H,chuchocarlosnoriega@hotmail.com,700453540,959438071,Calle Felisa Clemente 8,Pedrera,41566,Sevilla
Alfredo Lasa,24171046-R,alfredolasa@hotmail.com,671265647,,Calle Luna Pons 515 Apt. 03 ,Crecente,36429,Pontevedra
Jonatan Perea Valenzuela,64415098-X,jonatanpereavalenzuela@hotmail.com,799653215,9806593451,C. Maximiano Cabello 91,Alfaraz de Sayago,49177,Zamora
Cintia Collado Alemany,57825888-R,cintiacolladoalemany@yahoo.com,658924417,9216559878,C. María Del Carmen Diego 64,Arcones,40164,Segovia
Poncio Huguet Larrañaga,35484646-Q,ponciohuguetlarranaga@gmail.com,697687600,918628624,Callejón Néstor Moll 74 Piso 6 ,Pinilla del Valle,28749,Madrid
Mariano Echevarría Guillen,57956437-W,marianoechevarriaguillen@hotmail.com,665256504,9818625977,Pasaje Florentina Cañete 686,Ames,15228,A Coruña
Elpidio Roman Torrent,81554482-R,elpidioromantorrent@gmail.com,773329366,,Acceso Iris Briones 1,Caravaca de la Cruz,30410,Murcia
Jesusa Rey Gutierrez,76679767-K,jesusareygutierrez@hotmail.com,789668303,,Pasaje de José Luís 77 Apt. 17 ,Urzainqui/Urzainki,31416,Nafarroa
Alonso Teobaldo Giralt Pardo,47632943-N,alonsoteobaldogiraltpardo@yahoo.com,631506231,9274357495,Glorieta Luisa Pol 7 Puerta 7 ,Perales del Puerto,10896,Cáceres
Tiburcio Báez,31594104-Q,tiburciobaez@yahoo.com,686626066,914586844,Acceso Maximiano Portero 4 Puerta 5 ,Alcalá de Henares,28802,Madrid
Violeta Salvador Valcárcel,22577208-V,violetasalvadorvalcarcel@hotmail.com,780737143,,Pasaje Ulises Valenciano 407 Piso 3 ,Jerez de la Frontera,11579,Cádiz
Roberta Catalá Mayo,19063142-Y,robertacatalamayo@yahoo.com,618094846,,C. de Alondra Ros 39,Leiro,32428,Ourense
Manolo Manuel Verdejo,76184402-F,manolomanuelverdejo@gmail.com,605972432,,C. de Elisa Leon 82 Puerta 7 ,Marbella,29602,Málaga
Ágata Galán,83687527-A,agatagalan@yahoo.com,725049961,9750087851,Via de Anastasio Jaén 43,Montejo de Tiermes,42343,Soria
Coral Saura Hoyos,21645285-P,coralsaurahoyos@hotmail.com,750437802,9263402242,Ronda Máximo Hernandez 6,Caracuel de Calatrava,13191,Ciudad Real
Valero Otero,44525680-A,valerootero@gmail.com,672091098,,Cañada de Arcelia Casado 521,Rodeiro,36530,Pontevedra
Mayte de Pedrosa,58481992-F,maytedepedrosa@hotmail.com,641187401,9788337353,Rambla Marcio Vallejo 36 Piso 3 ,Fuentes Claras,44340,Teruel
Maxi Maza Company,93538545-Y,maximazacompany@yahoo.com,758300743,9222895670,Callejón de Leire Porras 17,"Realejos, Los",38412,Sta. Cruz de Tenerife
Lisandro Pera Godoy,37188236-L,lisandroperagodoy@yahoo.com,752265039,9789179453,Avenida de Corona Blasco 24 Piso 9 ,Miravete de la Sierra,44159,Teruel
Rebeca Peñas Sanmartín,64449903-Q,rebecapenassanmartin@yahoo.com,726049464,9484729026,Vial de Alicia Fortuny 95 Puerta 0 ,Arguedas,31513,Nafarroa
Adoración Vázquez Mata,43600567-L,adoracionvazquezmata@gmail.com,784903331,9761045424,Ronda de Candela Juárez 14 Apt. 88 ,Marracos,50616,Zaragoza
Manuela Piquer,90074766-G,manuelapiquer@yahoo.com,614716551,,Acceso de Juanita Casado 194 Piso 3 ,"Blázquez, Los",14208,Córdoba
Benigno Manso Noriega,17130184-Z,benignomansonoriega@hotmail.com,606040027,9210323415,Via de Loreto Verdú 55,Aldealengua de Santa María,40555,Segovia
Pelayo Agudo Barrios,37380580-Z,pelayoagudobarrios@gmail.com,614980037,9561655067,Calle de Zoraida Lluch 96,Medina-Sidonia,11179,Cádiz
Brunilda Hoyos Dávila,34881719-B,brunildahoyosdavila@yahoo.com,664926763,9749154817,Alameda Marisa Ortega 77,Robres,22252,Huesca
Eleuterio Sainz-Guerra,88072963-Y,eleuteriosainzguerra@hotmail.com,766768240,,C. Jose Miguel Cerdán 64 Puerta 9 ,"Tiemblo, El",05279,Ávila
Sergio Losa Agullo,95197949-Y,sergiolosaagullo@yahoo.com,664814025,,Glorieta de Jose Ramón Lozano 4,Gáldar,35468,Las Palmas
Arcelia Saura Solera,42679420-E,arceliasaurasolera@gmail.com,678768616,933055707,C. de Mayte Quirós 987 Apt. 62 ,Esparreguera,08292,Barcelona
Blas Adán Marí,58364736-M,blasadanmari@yahoo.com,691751351,,Calle Evaristo Varela 87,Cervera de Pisuerga,34839,Palencia
Alejandro Corominas Díaz,19208432-M,alejandrocorominasdiaz@gmail.com,766872263,960884574,Callejón Maxi Torrents 18,Llombai,46195,Valéncia
Augusto Tejedor Oliveras,92575005-M,augustotejedoroliveras@yahoo.com,624744683,,Plaza de Artemio Donaire 61 Piso 7 ,Medio Cudeyo,39792,Cantabria
Marcela Arribas Rivera,35553644-Z,marcelaarribasrivera@yahoo.com,742586787,,Callejón Juan José Vigil 61,Riello,24131,León
Felisa Campos Alcaraz,86453204-E,felisacamposalcaraz@yahoo.com,661841952,,Rambla de Cloe Alberdi 94 Apt. 12 ,Láncara,27360,Lugo
Edmundo Gilabert Hernando,91574726-L,edmundogilaberthernando@gmail.com,723693577,,Cuesta Sabas Camacho 6 Puerta 8 ,Arucas,35418,Las Palmas
Feliciana Arco,43334247-Q,felicianaarco@gmail.com,674131382,,Via Rosalina Orozco 32 Apt. 19 ,Chiva,46370,Valéncia
Desiderio Torrijos Arias,77654289-X,desideriotorrijosarias@gmail.com,735599694,9860464922,Callejón de Isaías León 6 Piso 2 ,Moaña,36954,Pontevedra
Octavia Chico,98286828-P,octaviachico@yahoo.com,713920588,,Pasadizo de Ciro Vallejo 175,Montederramo,32750,Ourense
Chus Carrión Espada,97414355-V,chuscarrionespada@yahoo.com,778821735,,C. Glauco Blazquez 73,Granja de Torrehermosa,06910,Badajoz
Maxi Mancebo Losa,18707036-D,maximancebolosa@yahoo.com,686686280,,Cañada María Carmen Madrigal 380,Crémenes,24990,León
Nerea Bernad Madrigal,14276519-M,nereabernadmadrigal@gmail.com,687871692,,Cañada de Tere Cañizares 413 Puerta 9 ,Teo,15894,A Coruña
Sigfrido Dueñas-Bernat,75208278-A,sigfridoduenasbernat@gmail.com,651625265,9248212979,Cañada de Alba Salinas 4,Alconera,06393,Badajoz
Fortunata Cobo Cobo,14746157-Y,fortunatacobocobo@gmail.com,705051074,,Plaza de Gustavo Blazquez 8 Puerta 8 ,Sancedo,24545,León
Emilio Bermejo Torrents,24116082-F,emiliobermejotorrents@yahoo.com,725956648,9587482048,Avenida de Angélica Mendoza 192,Almuñécar,18697,Granada
Lucía del Criado,82466971-B,luciadelcriado@hotmail.com,697682119,,Pasaje de Alejo Rubio 988 Apt. 64 ,Malpartida de la Serena,06440,Badajoz
Diana Esparza Olmedo,14459586-S,dianaesparzaolmedo@gmail.com,750884436,,Alameda de Roldán Parejo 92 Piso 7 ,Monforte de Lemos,27592,Lugo
Sol Seco Segarra,15046264-D,solsecosegarra@hotmail.com,694059578,9478050658,Cuesta de Josué Calderón 54 Piso 1 ,Oña,09530,Burgos
Francisco Juan José Burgos Criado,28999568-H,franciscojuanjoseburgoscriado@hotmail.com,745700852,,Camino Paca Barrios 14 Puerta 8 ,Sant Fruitós de Bages,08272,Barcelona
Demetrio Pina-Busquets,69763756-H,demetriopinabusquets@yahoo.com,765442681,983437624,Cuesta Febe Verdugo 210,Laviana,33980,Asturias
Dani Vallejo,33630252-C,danivallejo@hotmail.com,685243298,9731497744,Pasadizo de Ainara Pera 41,Sant Martí de Riucorb,25343,Lleida
Artemio de Valera,28534592-X,artemiodevalera@yahoo.com,743616324,,Avenida Aurelia Mascaró 10,Viladecans,08840,Barcelona
Águeda Duque-Jover,89855408-C,aguedaduquejover@yahoo.com,649789575,,Urbanización Salomón Almazán 27,Manacor,07500,Illes Balears
Marisol Baños-Cortina,53926814-W,marisolbanoscortina@hotmail.com,779366080,,Pasadizo de José Luis Gómez 638 Apt. 92 ,Bubión,18412,Granada
Araceli Bejarano,85671259-P,aracelibejarano@hotmail.com,790130439,9204436107,Callejón de Perla González 68 Piso 2 ,Berja,04760,Almería
Lázaro Bravo-Mayoral,63154691-A,lazarobravomayoral@yahoo.com,730185982,,Pasadizo de Carla Martin 66,Montanuy,22487,Huesca
José Manuel Gil Almeida,28874080-H,josemanuelgilalmeida@gmail.com,782922536,,Pasadizo de Federico Solano 52,Colmenarejo,28270,Madrid
Renata Luciana Bellido Cañellas,54766296-F,renatalucianabellidocanellas@gmail.com,772341135,9580226921,Pasaje Ángela Roselló 30,Castril,18816,Granada
Casandra Taboada Salmerón,57695023-Y,casandrataboadasalmeron@yahoo.com,749684981,,Camino Ricardo Baena 311,San Xoán de Río,32770,Ourense
María Jesús Díaz Cuervo,97846478-Q,mariajesusdiazcuervo@gmail.com,761361740,,Avenida Eusebio Flores 8,Padrón,15910,A Coruña
Octavia Miró,46527771-J,octaviamiro@yahoo.com,617629291,9828195690,Acceso Juan Carlos Meléndez 683 Apt. 00 ,Sarria,27690,Lugo
Virginia Adán Mancebo,95526110-A,virginiaadanmancebo@gmail.com,643587460,,Acceso Maximiano Cuadrado 7 Apt. 24 ,Valladolid,47003,Valladolid
Santiago Salom Amor,45581921-S,santiagosalomamor@hotmail.com,604722576,9875385742,Camino Renato Carbó 46,Santa Colomba de Somoza,24722,León
Carmen Olivé Alberola,99773810-V,carmenolivealberola@gmail.com,788377378,,Rambla de Desiderio Sedano 963 Puerta 6 ,Belinchón,16470,Cuenca
Melchor de Sola,90976964-G,melchordesola@hotmail.com,731846213,,Acceso Esther Roldan 46 Piso 7 ,Leganés,28918,Madrid
Marciano Gallego-Tejera,68597937-T,marcianogallegotejera@hotmail.com,786518926,,C. Gervasio Torrens 13 Apt. 56 ,Becedas,05610,Ávila
Ciríaco Agustín Bilbao,81540417-N,ciriacoagustinbilbao@hotmail.com,695727237,9789109265,Callejón de Apolinar Rodrigo 5 Piso 4 ,Teruel,44192,Teruel
Fanny Villena Alcántara,59580392-L,fannyvillenaalcantara@gmail.com,701542419,9217748261,Vial de Renato Company 34,"Matilla, La",40175,Segovia
Enrique Guerrero Coca,62575874-G,enriqueguerrerococa@yahoo.com,708313129,986104836,Cañada Lina Alemany 13 Apt. 78 ,Salas,33867,Asturias
Maribel Dionisia Rojas Avilés,69326220-B,maribeldionisiarojasaviles@yahoo.com,672438842,,Ronda de Jerónimo Batlle 295 Piso 8 ,Ribeira,15965,A Coruña
Candelaria Puerta Sáenz,61713967-E,candelariapuertasaenz@yahoo.com,666864708,,Camino de Eligia Verdejo 208 Apt. 38 ,Portugalete,48920,Bizkaia
Herberto Hidalgo Ribas,38863258-C,herbertohidalgoribas@hotmail.com,747099865,,Plaza Remigio Rueda 637,Pareja,19129,Guadalajara
Edelmira Pinto,95578346-Y,edelmirapinto@gmail.com,703792627,,C. de Nerea Llamas 3,Ribera Baja/Erribera Beitia,01220,Álava
Anita Leon,95732635-B,anitaleon@hotmail.com,601044274,,Paseo Ariadna Alcolea 815,"Victoria de Acentejo, La",38389,Sta. Cruz de Tenerife
Luís Tovar,79689659-H,luistovar@gmail.com,706406403,9244699705,Rambla Juanita Sebastián 16 Piso 3 ,Villagarcía de la Torre,06950,Badajoz
Jovita Iglesias Miguel,22757212-T,jovitaiglesiasmiguel@yahoo.com,780000383,,Pasaje María Pilar Palmer 58 Piso 4 ,Sabero,24960,León
María Ángeles de Sotelo,62368184-G,mariaangelesdesotelo@gmail.com,738899403,9819429555,Cuesta Godofredo Nicolau 5,Ferrol,15403,A Coruña
Esteban del Sales,92117074-G,estebandelsales@hotmail.com,762254448,9533077686,Rambla Lisandro Villalba 8 Piso 6 ,Hornos,23292,Jaén
Luís del Vaquero,61056044-Z,luisdelvaquero@gmail.com,751682469,,Rambla Juan Francisco Bilbao 56,Fuentes de Oñoro,37481,Salamanca
Isabela Trinidad Mayoral Coloma,15213168-W,isabelatrinidadmayoralcoloma@gmail.com,675010545,954990732,Via Felisa Andrade 6 Puerta 0 ,"Campana, La",41429,Sevilla
Heriberto Mariscal Gonzalez,52109648-C,heribertomariscalgonzalez@hotmail.com,680778019,9713487384,Urbanización Manuel Catalán 868,Pollença,07460,Illes Balears
Albert Castañeda Jimenez,43527725-H,albertcastanedajimenez@yahoo.com,750408908,,Acceso Gloria Adadia 251,Caniles,18810,Granada
Purificación Tenorio-Muñoz,24338155-S,purificaciontenoriomunoz@hotmail.com,757818141,,Cuesta Dan Téllez 73,Olmedo,47451,Valladolid
Félix del Díaz,18897475-P,felixdeldiaz@gmail.com,644064381,9874290649,Rambla Haydée Conde 56 Puerta 0 ,Bembibre,24300,León
Arturo Cerdán Ríos,82431023-N,arturocerdanrios@gmail.com,727873867,,Pasadizo de Eugenio Riba 5 Piso 8 ,Cartagena,30384,Murcia
Máxima Suárez Cervantes,43370015-L,maximasuarezcervantes@hotmail.com,794198982,954723162,Callejón de Dionisia Donaire 21,Málaga,29620,Málaga
Bernarda Alejandra Viña Soriano,14506947-L,bernardaalejandravinasoriano@yahoo.com,613019980,953021167,Glorieta de Ramiro Fuente 81,Málaga,29004,Málaga
Calisto del Canales,55297145-Q,calistodelcanales@yahoo.com,714251937,9831672643,Avenida Mario Aguilera 42 Puerta 1 ,Mojados,47250,Valladolid
Santiago Casanova Novoa,41736804-S,santiagocasanovanovoa@yahoo.com,642656479,,Callejón Gertrudis Sola 76,Pleitas,50297,Zaragoza
Julián Costa Arnal,75785998-D,juliancostaarnal@yahoo.com,736247987,9738713903,Rambla de Marcos Gomila 488 Piso 8 ,Lleida,25111,Lleida
Graciela Angelina Ortuño Guardiola,50355117-K,gracielaangelinaortunoguardiola@hotmail.com,643100864,9222670256,Avenida Anabel Alberto 661 Puerta 4 ,San Juan de la Rambla,38420,Sta. Cruz de Tenerife
Olegario Gerardo Gaya Valentín,37731306-J,olegariogerardogayavalentin@hotmail.com,608007140,9680590749,Paseo de Amor Cepeda 3 Apt. 33 ,Murcia,30592,Murcia
Cruz de Tolosa,82630942-S,cruzdetolosa@gmail.com,700382010,9283621596,Paseo Sigfrido Rojas 19,Moya,35421,Las Palmas
Reina Domingo Almeida,29720777-Q,reinadomingoalmeida@gmail.com,727906702,,Callejón de Flavio Vila 236 Apt. 40 ,Bernedo,01216,Álava
Lidia Mariana Delgado Ayala,29131557-X,lidiamarianadelgadoayala@hotmail.com,616949815,9228681727,Avenida de Eva Exposito 9 Apt. 04 ,"Rosario, El",38190,Sta. Cruz de Tenerife
Flavia Arcos Rivera,33761207-J,flaviaarcosrivera@hotmail.com,779956108,9746957667,Camino Trinidad Español 31 Puerta 0 ,Belver de Cinca,22549,Huesca
Regina Valentina Santana Vallejo,89642872-G,reginavalentinasantanavallejo@hotmail.com,671713577,,Glorieta de Ascensión Codina 5 Piso 5 ,Erandio,48850,Bizkaia
Renato Murcia Barón,52269748-V,renatomurciabaron@hotmail.com,791131972,9531263882,Pasaje José Ángel Gilabert 32 Apt. 32 ,Campillo de Arenas,23130,Jaén
Ignacia Linares Cerro,87516509-Z,ignacialinarescerro@yahoo.com,656915560,9869111762,Cuesta de Elías Manso 306,Poio,36992,Pontevedra
Nadia Roldán Valenzuela,48574897-R,nadiaroldanvalenzuela@gmail.com,787134829,,Vial de Natalia Martin 7 Piso 2 ,Viveiro,27861,Lugo
Aristides Ayllón,42289678-S,aristidesayllon@yahoo.com,624270966,,Urbanización de Edu Pou 936,Corral de Almaguer,45880,Toledo
Nilo Esteve,61382409-D,niloesteve@yahoo.com,687596094,,Pasadizo de Flor Sevillano 79 Puerta 3 ,Colmenar de Oreja,28380,Madrid
María Belén Garay Milla,45339604-A,mariabelengaraymilla@hotmail.com,625094448,9220973033,Paseo Anastasio Sierra 62 Piso 0 ,"Orotava, La",38310,Sta. Cruz de Tenerife
Begoña Cortes Murillo,29122525-V,begonacortesmurillo@yahoo.com,771227675,9738647839,Camino Ainoa Barbero 63,Prullans,25727,Lleida
Encarna Valdés-Roura,74819747-B,encarnavaldesroura@yahoo.com,674316118,9248273892,Ronda Juan Pablo Palomar 78 Piso 8 ,Villarta de los Montes,06678,Badajoz
Ciro Manolo Manrique Pombo,99439824-Z,ciromanolomanriquepombo@hotmail.com,755235452,,Alameda Gerónimo Losada 24,Medio Cudeyo,39710,Cantabria
Fulgencio del Barriga,65482341-F,fulgenciodelbarriga@hotmail.com,634365758,,Callejón Amando Crespo 30 Puerta 5 ,Ohanes,04459,Almería
Adela Rosell Conde,66636380-K,adelarosellconde@gmail.com,600214103,9240739226,Paseo Luís Leon 97,Llera,06227,Badajoz
Alejandro Casanova Cordero,13302434-Q,alejandrocasanovacordero@yahoo.com,699931701,,Calle Chus Piquer 66 Apt. 90 ,Aller,33683,Asturias
Salvador Palomo,19607747-V,salvadorpalomo@gmail.com,675706519,9414499465,Camino de José Dueñas 48,Anguiano,26322,La Rioja
Carmela Carranza Martín,45310514-P,carmelacarranzamartin@gmail.com,709508055,,Avenida Inés Palomares 81 Piso 9 ,"Tojos, Los",39517,Cantabria
Azahar Morata Agustí,48408316-D,azaharmorataagusti@yahoo.com,789698366,988332327,Pasadizo Enrique Blázquez 135 Puerta 7 ,Oviedo,33194,Asturias
Aristides de Adadia,16185972-K,aristidesdeadadia@yahoo.com,755334542,9224453587,Ronda de Maxi Jiménez 31,San Cristóbal de La Laguna,38201,Sta. Cruz de Tenerife
Isa Ibáñez Soriano,63858956-P,isaibanezsoriano@gmail.com,787514739,,Acceso de Pepita Burgos 873,Llanes,33592,Asturias
Juanito Guillén Torrent,35958831-X,juanitoguillentorrent@hotmail.com,663929863,9870434540,Urbanización Angelino Echeverría 302 Apt. 27 ,Sahagún,24329,León
Salud Rojas-Pizarro,22474526-F,saludrojaspizarro@yahoo.com,713689949,,Via Casemiro Infante 59,Anna,46820,Valéncia
María Luisa Vall Ibañez,60198389-Y,marialuisavallibanez@gmail.com,621835318,9738870642,Cuesta Simón Álamo 1,Tremp,25633,Lleida
Rubén Casanovas Royo,52337452-D,rubencasanovasroyo@gmail.com,764125592,9272114197,Plaza Miguela Vergara 325 Puerta 3 ,Brozas,10950,Cáceres
Lorenza Lamas González,58590713-F,lorenzalamasgonzalez@hotmail.com,629730200,,Vial de Jose Luis García 42 Apt. 66 ,Arquillos,23230,Jaén
José Mari Yuste,62964869-T,josemariyuste@hotmail.com,646753757,952715494,Rambla de Luz Torre 83,Morón de la Frontera,41530,Sevilla
Heliodoro Company Lledó,70191146-E,heliodorocompanylledo@hotmail.com,604921759,949556034,Avenida Armando Navarro 7 Puerta 0 ,Loiu,48180,Bizkaia
Miriam Quintero Ramis,88345893-H,miriamquinteroramis@gmail.com,689744208,,C. de Lope Murcia 59,Casas de Don Pedro,06770,Badajoz
Eduardo Salvador Heredia,84041071-Z,eduardosalvadorheredia@hotmail.com,640878719,,Paseo Abigaíl Ricart 19 Piso 3 ,Valdenebro,42196,Soria
Jose Manuel Alemany Ríos,52358199-X,josemanuelalemanyrios@yahoo.com,639366639,932047069,Avenida Haydée Matas 703 Apt. 82 ,Santa Susanna,08398,Barcelona
Ema del Navarro,94546141-H,emadelnavarro@gmail.com,627148972,,Via Custodio Agullo 13 Piso 8 ,"Palmas de Gran Canaria, Las",35016,Las Palmas
Javi Borrego Bru,80555657-C,javiborregobru@yahoo.com,772269738,9731762155,C. de Noelia Valverde 25 Piso 1 ,Lleida,25197,Lleida
Mónica Fabra-Salvador,46845215-B,monicafabrasalvador@yahoo.com,605968821,,Via Florencia Salgado 8,Arenas de Iguña,39450,Cantabria
Leopoldo Nuñez Sáez,55307274-W,leopoldonunezsaez@gmail.com,747510737,,Acceso de Diana Santamaria 70,Reus,43201,Tarragona
Herminia Bárcena-Olivera,47765625-F,herminiabarcenaolivera@hotmail.com,644308037,,Ronda Martín Ferreras 75 Apt. 02 ,Mijas,29650,Málaga
Filomena del Roca,83202371-D,filomenadelroca@yahoo.com,795778739,9864682478,Camino de Consuela Gallart 15,Soutomaior,36690,Pontevedra
Sofía Ojeda Cáceres,65847869-L,sofiaojedacaceres@gmail.com,650753017,9570792951,Paseo Ramona Conde 240 Puerta 2 ,Castro del Río,14858,Córdoba
Lucho Tomas Gallart,25299733-D,luchotomasgallart@gmail.com,693265508,9810532798,Cuesta Ale Arribas 89,Laxe,15118,A Coruña
Águeda Cabo Company,94293285-R,aguedacabocompany@gmail.com,684284203,,Urbanización Nicolasa Checa 55 Apt. 90 ,Harana/Valle de Arana,01117,Álava
Lázaro Ríos Alcaraz,12193993-Z,lazaroriosalcaraz@yahoo.com,774830162,,Alameda Sara Piquer 49 Puerta 4 ,Labajos,40146,Segovia
Salomé Barba Puig,61357430-P,salomebarbapuig@yahoo.com,788338013,,Alameda de Ramona Verdú 775 Piso 5 ,Orís,08573,Barcelona
Gustavo Elías Valle,39120439-S,gustavoeliasvalle@yahoo.com,795695800,9820426777,Rambla Paz Badía 9,Chantada,27513,Lugo
Aníbal Nicolás Manzano,62607865-W,anibalnicolasmanzano@gmail.com,708540210,9573817485,Acceso de Mamen Porta 50,Cabra,14940,Córdoba
Josué Baró Bernat,21851957-W,josuebarobernat@gmail.com,684527262,9793605836,Via Trini Lamas 1,Cervera de Pisuerga,34846,Palencia
Jaime Palma Soler,77785172-T,jaimepalmasoler@gmail.com,680891684,9828988050,Plaza Fernanda Carrillo 5 Puerta 3 ,Sober,27460,Lugo
Eulalia Cervantes Rocha,16139471-A,eulaliacervantesrocha@hotmail.com,652473077,9690372389,Camino de Nilda Barragán 84,Casasimarro,16239,Cuenca
Germán Lucio Benavente Gámez,67554180-Y,germanluciobenaventegamez@gmail.com,763738686,,Calle Ruth Tapia 92,"Pinar de El Hierro, El",38914,Sta. Cruz de Tenerife
Rosalía Pou,61330340-N,rosaliapou@hotmail.com,770624797,,Cañada Gerardo Yáñez 1 Apt. 98 ,Sarria,27617,Lugo
Primitiva Zaragoza Angulo,24294322-C,primitivazaragozaangulo@hotmail.com,759715836,9767926379,Urbanización de Erasmo Jódar 875,"Frasno, El",50322,Zaragoza
Eladio Murcia,85268806-D,eladiomurcia@yahoo.com,642253447,,Vial Alejandro Ripoll 31,Casavieja,05450,Ávila
Santos Noguera,45548128-D,santosnoguera@yahoo.com,611726465,9884383481,Pasaje Valero Echeverría 216,Maceda,32706,Ourense
Rafaela Guitart Andres,89053594-D,rafaelaguitartandres@gmail.com,621496621,,Plaza de Sebastián Chaparro 93,Bilbao,48008,Bizkaia
Fanny Pons Viña,19798712-J,fannyponsvina@gmail.com,615042878,,Calle de Curro Mendizábal 9 Apt. 88 ,Alfara del Patriarca,46115,Valéncia
Juan Francisco de Roig,20559037-G,juanfranciscoderoig@yahoo.com,607597211,9831301014,Pasadizo de Graciano Ayllón 4 Apt. 12 ,Torre de Esgueva,47183,Valladolid
Venceslás Vazquez Borrás,79201338-X,venceslasvazquezborras@gmail.com,662807014,9532627426,Acceso de Serafina Cerro 93 Apt. 94 ,Hinojares,23486,Jaén
Emelina Leon,91446289-Z,emelinaleon@hotmail.com,657231823,9505789010,Urbanización Abigaíl Sánchez 45,Orihuela,03316,Alacant
Clemente Fabra Busquets,60998525-H,clementefabrabusquets@hotmail.com,789113990,,Via de Marianela Valenzuela 6 Apt. 09 ,Badajoz,06170,Badajoz
Nicodemo Rincón Terrón,51960000-X,nicodemorinconterron@hotmail.com,787129471,9210464560,Plaza de Juan Francisco Hernández 92,San Pedro de Gaíllos,40389,Segovia
Emiliana Guillen-Puga,31741874-B,emilianaguillenpuga@yahoo.com,642429452,,Camino Pili Conesa 97,Valle de Mena,09580,Burgos
Maxi Cobos Jódar,15598783-E,maxicobosjodar@yahoo.com,707057284,9685562707,Calle Adelardo Larrañaga 544 Piso 6 ,Murcia,30001,Murcia
Lino Chaparro Mate,52519650-R,linochaparromate@yahoo.com,661114163,,Cañada de Ciriaco Expósito 51,"Oliva, La",35651,Las Palmas
Paula Cal Villa,87671027-H,paulacalvilla@yahoo.com,769777683,9282887758,Acceso Gaspar Flor 8,Firgas,35432,Las Palmas
Aurora Galván Cervantes,74758314-B,auroragalvancervantes@yahoo.com,728404682,986788232,Pasaje Ana Belén Folch 87 Puerta 5 ,Llanes,33594,Asturias
Fátima de Benito,54383597-M,fatimadebenito@hotmail.com,645235158,,Acceso Hermenegildo Martinez 90,Meaño,36969,Pontevedra
Melchor Guardiola-Amat,54248516-A,melchorguardiolaamat@hotmail.com,620316776,,Cañada Luis Miguel Andrés 79 Apt. 12 ,Langreo,33939,Asturias
Carlito Barrena,58913764-T,carlitobarrena@yahoo.com,756237395,,Rambla Noemí Donoso 5,Abáigar,31280,Nafarroa
Aránzazu Baena Valencia,60509685-C,aranzazubaenavalencia@yahoo.com,621538164,964349397,Calle de Severo Solano 82,Silla,46460,Valéncia
Brunilda Farré Tejero,75331187-T,brunildafarretejero@gmail.com,799517075,9596297307,Camino Noemí Osuna 10,Puebla de Guzmán,21550,Huelva
Amanda de Busquets,79929651-M,amandadebusquets@gmail.com,653165430,934050035,Urbanización Paulina Arnaiz 3 Apt. 11 ,"Prat de Llobregat, El",08820,Barcelona
Jacinto Leal Pacheco,66409932-P,jacintolealpacheco@hotmail.com,710665044,,Plaza de Remedios Benito 3,Puigverd d'Agramunt,25318,Lleida
Sonia Hierro Ferrán,37968237-K,soniahierroferran@gmail.com,653847846,,Calle Gerónimo Mora 430 Apt. 31 ,Castellserà,25334,Lleida
Evelia Marquez-Carretero,61489132-N,eveliamarquezcarretero@gmail.com,771735555,952931251,Rambla de Inmaculada Parejo 4 Apt. 48 ,Fuente de Piedra,29520,Málaga
Alberto Avilés Ocaña,45490404-S,albertoavilesocana@yahoo.com,652315776,9478390433,Callejón de Marcelino Maestre 23 Piso 3 ,Valle de Mena,09586,Burgos
Natalia Galán Rocamora,93921745-A,nataliagalanrocamora@hotmail.com,791477711,9242485374,Camino Rodolfo Hoyos 15 Puerta 8 ,Maello,05291,Ávila
Adelina Marita Villanueva Llabrés,52933388-S,adelinamaritavillanuevallabres@hotmail.com,621465687,9241781834,Rambla Alberto Morante 87,Castellanos de Zapardiel,05229,Ávila
Teresa Porta Colom,55004405-C,teresaportacolom@yahoo.com,790125604,,Pasadizo de Gil Atienza 60 Puerta 7 ,"Pobla de Massaluca, La",00043,Desconocida
Silvestre Patiño Rivero,69427171-S,silvestrepatinorivero@gmail.com,645798063,,C. Anacleto Escamilla 90,Valenzuela de Calatrava,13279,Ciudad Real
Cebrián Barbero-Rovira,20199435-F,cebrianbarberorovira@yahoo.com,779213652,9736445368,Callejón Tatiana Saez 74,Benavent de Segrià,25132,Lleida
Lucio Carvajal-Alarcón,36604918-G,luciocarvajalalarcon@yahoo.com,767493379,,Via de Cayetana Santiago 73 Piso 9 ,Fuenlabrada de los Montes,06660,Badajoz
Bernardo Cifuentes Prat,63869106-S,bernardocifuentesprat@yahoo.com,795650521,,Glorieta de Íngrid Iglesias 1,Marbella,29679,Málaga
Inocencio Lucas Mercader,51901473-H,inocenciolucasmercader@yahoo.com,720653139,9861503652,Vial Eustaquio Pintor 678,Ponteareas,36895,Pontevedra
Lucho Cabañas Gárate,37086479-Z,luchocabanasgarate@hotmail.com,691621259,9221156071,Urbanización Cayetana Herranz 1 Piso 6 ,San Cristóbal de La Laguna,38296,Sta. Cruz de Tenerife
Rogelio Zurita Acuña,32839800-D,rogeliozuritaacuna@yahoo.com,662670565,933907697,Acceso Ramiro Meléndez 86,Sant Antoni de Vilamajor,08459,Barcelona
Juan Carlos Manzano Egea,35431521-K,juancarlosmanzanoegea@gmail.com,682632783,,Ronda de Guillermo Pacheco 69 Piso 3 ,"Almunia de Doña Godina, La",50100,Zaragoza
Martin Alfaro Grau,55151205-B,martinalfarograu@yahoo.com,743779121,9876335977,Plaza Virgilio Alemany 57 Piso 6 ,"Bañeza, La",24750,León
Cristian Salvà Priego,94729372-P,cristiansalvapriego@yahoo.com,717915037,9803692104,Rambla de Jacinto Ferrándiz 87,Rábano de Aliste,49518,Zamora
Jeremías Zacarías Amo Garriga,60360060-X,jeremiaszacariasamogarriga@gmail.com,773013458,9776238909,Vial Rosa Lobo 280,Alfara de Carles,43528,Tarragona
Aura Leon Valencia,62476853-K,auraleonvalencia@yahoo.com,722837986,,Paseo de Artemio Ruano 5,Corduente,19341,Guadalajara
Sandra Briones Almansa,65210092-D,sandrabrionesalmansa@hotmail.com,783964394,,Plaza de Pepito Muñoz 46 Piso 5 ,Pardos,19336,Guadalajara
Lorena Marco-Ballester,45087957-E,lorenamarcoballester@hotmail.com,654804151,,Via de Encarna Vidal 16,Gines,41960,Sevilla
Victoriano Segovia Moliner,29429993-K,victorianosegoviamoliner@gmail.com,709029660,9689848926,Plaza de Buenaventura Blasco 54,Mula,30178,Murcia
Leoncio Baños Beltran,55665950-Q,leonciobanosbeltran@hotmail.com,680995416,9247875474,Ronda de Miguela Llanos 49 Apt. 88 ,Arenas de San Pedro,05418,Ávila
Rosa María Salinas Mancebo,63666644-E,rosamariasalinasmancebo@yahoo.com,687341595,,Paseo de Fortunata Palau 174,Valdaracete,28594,Madrid
Felicidad del Botella,41831089-T,felicidaddelbotella@hotmail.com,660960563,9479458866,Plaza de Isidoro Pereira 329 Puerta 2 ,Royuela de Río Franco,09345,Burgos
Herminia Ayuso Amores,59723849-W,herminiaayusoamores@yahoo.com,740244398,,Cuesta Reyes Lladó 65,Valencia,46022,Valéncia
Edgardo Sarabia Narváez,62369397-K,edgardosarabianarvaez@yahoo.com,789797206,9266469524,Cuesta Edelmiro Blasco 24,Almadén,13400,Ciudad Real
Celia de Rovira,69638695-P,celiaderovira@gmail.com,654507609,9470510260,Vial Consuela Vargas 18 Apt. 19 ,Pancorbo,09280,Burgos
Azucena Ochoa Pedrero,98383417-C,azucenaochoapedrero@hotmail.com,650655386,,Avenida de Martín Vallés 39 Puerta 8 ,Cudillero,33155,Asturias
Ricardo Requena,95284778-X,ricardorequena@yahoo.com,656992916,9501173096,Glorieta Florencia Duque 829,Muro de Alcoy,03839,Alacant
Luisina Blázquez Gelabert,35694665-E,luisinablazquezgelabert@hotmail.com,698240722,,Pasadizo de Jacinto Cornejo 52,Tremp,25620,Lleida
Alma Mayo Fabra,17869757-E,almamayofabra@yahoo.com,636015500,947796050,Calle de Luna Tur 18,Barakaldo,48902,Bizkaia
Ana Polo Ballesteros,40154656-Z,anapoloballesteros@yahoo.com,658794137,9883761291,Glorieta de Dominga Torrecilla 682 Piso 0 ,Ribadavia,32415,Ourense
Sol Íngrid Tejera Miró,88515424-Q,solingridtejeramiro@gmail.com,642685323,9240499507,Alameda de María Pilar Coronado 15,Zafra,06300,Badajoz
Paca Nogués Calderon,57850928-V,pacanoguescalderon@yahoo.com,693657785,,Callejón Isidora Rubio 61 Apt. 96 ,Metauten,31241,Nafarroa
Candelaria Guitart,67569790-E,candelariaguitart@gmail.com,634206259,,Rambla Natanael Ruano 6 Puerta 4 ,Caldas de Reis,36655,Pontevedra
Juana Angulo,16300463-H,juanaangulo@gmail.com,722106483,,Calle de Candela Castelló 3 Puerta 3 ,Gandia,46701,Valéncia
Macario Calzada Posada,45647219-Q,macariocalzadaposada@hotmail.com,647266055,,Pasadizo Mercedes Canales 4 Piso 6 ,Villanueva de la Sierra,10812,Cáceres
Jessica Teruel Ariño,87251885-M,jessicateruelarino@gmail.com,718437379,9721725591,Calle de Ramiro Linares 694,Darnius,17722,Girona
Victorino Galvez Álvaro,12572173-M,victorinogalvezalvaro@gmail.com,636020011,,Pasadizo Jessica Valls 63 Piso 5 ,Ítrabo,18600,Granada
Julio Galvez Elorza,85614768-M,juliogalvezelorza@gmail.com,765810321,9861184579,Acceso María Manuela Gil 239 Piso 6 ,Valga,36646,Pontevedra
Nieves Moles Morata,19641845-Y,nievesmolesmorata@yahoo.com,616340172,9578273874,Plaza Casemiro Carmona 22,Bujalance,14650,Córdoba
Plácido Vilaplana Echevarría,66344226-J,placidovilaplanaechevarria@yahoo.com,653644490,937358393,Acceso Martín Arnal 511 Apt. 20 ,Gelida,08790,Barcelona
Maribel de Navas,25107038-P,maribeldenavas@gmail.com,713744837,9596881087,Via Evelia González 13 Piso 5 ,Arroyomolinos de León,21280,Huelva
Eva María de Gómez,48470771-L,evamariadegomez@gmail.com,788989069,955269311,Camino de Hilario Morcillo 355,Villanueva del Trabuco,29313,Málaga
Felicidad Gaya-Maldonado,86520866-H,felicidadgayamaldonado@yahoo.com,797361609,9571204898,Rambla Cristian Guitart 37,Baena,14859,Córdoba
Efraín Oliva Ochoa,52651980-N,efrainolivaochoa@gmail.com,715509075,9482293428,Rambla de Felipe Castañeda 800 Apt. 90 ,Lekunberri,31870,Nafarroa
Agustina Suarez Olmedo,36736925-Z,agustinasuarezolmedo@gmail.com,603208415,9884173890,Cañada Tadeo Ugarte 81 Piso 2 ,"Barco de Valdeorras, O",32317,Ourense
Fausto Benito Blanch,25531183-X,faustobenitoblanch@hotmail.com,795464508,,Camino de Gracia Casanovas 93,Luzaide/Valcarlos,31660,Nafarroa
Blas de Ibañez,75226741-C,blasdeibanez@gmail.com,600410401,,Pasaje de Evangelina Sánchez 689 Apt. 23 ,Cirat,12232,Castelló
Marcio Guzman Herranz,96934845-B,marcioguzmanherranz@hotmail.com,731659214,,Calle Íñigo Lumbreras 37,Colindres,39750,Cantabria
Eloy Robledo Vicente,74322990-P,eloyrobledovicente@gmail.com,765052215,9274291582,Callejón de Goyo Quesada 5,Cañaveral,10897,Cáceres
Íngrid Sotelo,47603372-L,ingridsotelo@hotmail.com,644550220,,Glorieta de Ana Belén Gelabert 903,Luzaide/Valcarlos,31669,Nafarroa
Juan Antonio Grau Adadia,70267713-E,juanantoniograuadadia@yahoo.com,779552269,,C. Carina Tirado 781,Canfranc,22888,Huesca
Azahara Iglesia Sedano,18608062-G,azaharaiglesiasedano@yahoo.com,659163888,,Ronda de Porfirio Valero 1 Puerta 8 ,Bilbao,48004,Bizkaia
Gaspar Rosado Boada,59934058-Z,gasparrosadoboada@yahoo.com,795606970,9864852681,Cuesta de Víctor Barco 5 Apt. 39 ,Marín,36913,Pontevedra
Marcial Español Pera,17582703-P,marcialespanolpera@hotmail.com,757918942,918353070,Pasadizo Baldomero Montesinos 124 Puerta 4 ,Galapagar,28400,Madrid
Maxi Camila Azorin Sevillano,23083832-C,maxicamilaazorinsevillano@yahoo.com,670511409,9805796901,Pasadizo de Gertrudis Múñiz 54 Puerta 4 ,Venialbo,49153,Zamora
Dora Mascaró Fonseca,51409123-Y,doramascarofonseca@yahoo.com,687061238,,Glorieta de Tristán Estrada 19,Sigüenza,19262,Guadalajara
Cristian Gomis Azorin,26183016-T,cristiangomisazorin@gmail.com,709571251,9739978449,Avenida de Hilda Jover 332,Bell-lloc d'Urgell,25220,Lleida
Tiburcio Luna,18438520-H,tiburcioluna@gmail.com,673155215,9809823482,Ronda Valentina Batlle 2 Puerta 7 ,Zamora,49003,Zamora
Susana del Barroso,78588218-R,susanadelbarroso@hotmail.com,692527250,9695236512,Vial de Cayetana Galván 568,Talayuelas,16320,Cuenca
Carolina García,89486927-E,carolinagarcia@gmail.com,622643986,,Paseo de Herminia Haro 27 Piso 0 ,Alcalalí,03723,Alacant
Calixta Sastre Lloret,17902679-P,calixtasastrelloret@hotmail.com,675956317,,Pasadizo Carmen Romeu 482,Usurbil,20170,Gipuzkoa
Isaías Balaguer Carrillo,93993319-R,isaiasbalaguercarrillo@yahoo.com,795717910,9226963096,Glorieta Loida Uría 834 Apt. 29 ,Vilaflor de Chasna,38615,Sta. Cruz de Tenerife
Salud del Pol,86291389-N,saluddelpol@yahoo.com,737577580,,Camino de Eustaquio Jáuregui 23,Constantí,43120,Tarragona
Candelario Baquero-Fortuny,29591148-S,candelariobaquerofortuny@gmail.com,791442386,,Ronda Juan Bautista Donaire 859 Apt. 98 ,Sotillo del Rincón,42166,Soria
Gerardo Castañeda-Alarcón,36864701-W,gerardocastanedaalarcon@hotmail.com,709599300,,C. de Emiliana Robles 1,Salinas de Pisuerga,34828,Palencia
Roldán Cáceres-Miranda,13862676-R,roldancaceresmiranda@yahoo.com,783004223,9883515685,Paseo María Carmen Romero 1 Piso 8 ,Montederramo,32751,Ourense
Azahar Ochoa Lopez,98187933-J,azaharochoalopez@yahoo.com,733841999,9816950061,Via Ainoa Rubio 878 Puerta 8 ,Lousame,15216,A Coruña
Kike Asenjo Estévez,71212774-J,kikeasenjoestevez@hotmail.com,608226848,,Paseo Trinidad Herrera 5 Puerta 3 ,Palacios del Sil,24498,León
Natalio Valls Acero,39639468-A,nataliovallsacero@hotmail.com,789546588,,Vial Javier Carreras 74,Arteixo,15142,A Coruña
Benigna Villaverde Palau,97042397-S,benignavillaverdepalau@hotmail.com,671019983,9791637888,Glorieta de Raúl Alvarado 19 Apt. 05 ,Villarramiel,34350,Palencia
Edelmiro Milla,66341007-Z,edelmiromilla@hotmail.com,755273263,9816637306,Vial Rita Guzman 98,Muros,15291,A Coruña
Haydée Mulet Céspedes,64844528-F,haydeemuletcespedes@hotmail.com,690650974,9727377699,Avenida de Angelino Rico 90 Apt. 36 ,Puigcerdà,17529,Girona
Violeta Feijoo Gabaldón,85151450-E,violetafeijoogabaldon@hotmail.com,767519084,9230865546,Plaza de Ale Carbonell 53 Piso 6 ,Chagarcía Medianero,37861,Salamanca
Samuel Vazquez,29254081-J,samuelvazquez@hotmail.com,684571756,,Plaza Aitor Villa 1,Torremontalbo,26359,La Rioja
Ruperto Almansa Céspedes,88431218-J,rupertoalmansacespedes@gmail.com,659757547,,Acceso de Pancho Piñol 214 Puerta 2 ,Quintanilla de Trigueros,47283,Valladolid
Che Marqués Corral,41515659-S,chemarquescorral@hotmail.com,766050589,,Alameda Flavia Casal 7,Castro del Río,14858,Córdoba
Jose Ramón Pascual Jiménez,41541783-B,joseramonpascualjimenez@hotmail.com,666750684,9812571007,Avenida Sarita Almagro 20,Val do Dubra,15871,A Coruña
José Manuel Campoy Mateo,67111645-Z,josemanuelcampoymateo@yahoo.com,675613913,,Callejón Hector Sosa 10,Navata,17744,Girona
Amando Aramburu Costa,82375619-S,amandoaramburucosta@gmail.com,761602203,,C. de Josué Vigil 350 Puerta 3 ,Navahermosa,45150,Toledo
Natividad Manzano Nicolás,24878384-C,natividadmanzanonicolas@hotmail.com,690133386,,Avenida Aurora Nadal 48 Apt. 54 ,"Veguillas, Las",37456,Salamanca
Aurelia Téllez Mayol,90948381-X,aureliatellezmayol@gmail.com,704593802,,Callejón Mauricio Ropero 77,Camarenilla,45181,Toledo
Celia del Garriga,50414249-C,celiadelgarriga@hotmail.com,604876895,9596105704,Pasaje de Eutropio Seco 900 Apt. 44 ,Punta Umbría,21459,Huelva
Aristides Sanmiguel Mármol,46310855-X,aristidessanmiguelmarmol@hotmail.com,642609391,984417484,Glorieta de Jessica Santos 23 Piso 1 ,Parres,33540,Asturias
Hernando del Planas,85697009-K,hernandodelplanas@yahoo.com,677001204,,Cuesta Natalia Bermejo 61,Balsareny,08660,Barcelona
Damián Romero Cuevas,40666519-N,damianromerocuevas@yahoo.com,684197337,9752139666,Pasadizo Rebeca Salazar 92 Apt. 56 ,Berlanga de Duero,42369,Soria
Octavia Ríos,79401966-D,octaviarios@hotmail.com,653741664,9229721510,Avenida de Selena Atienza 16,Valverde,38910,Sta. Cruz de Tenerife
Angelita Montserrat Esteve,99146730-D,angelitamontserratesteve@yahoo.com,704449250,966844686,Vial de Primitivo Méndez 2,Vilamarxant,46191,Valéncia
Gilberto Corominas Vallejo,13184066-Y,gilbertocorominasvallejo@hotmail.com,693177904,9886673445,Ronda Quirino Duque 73 Piso 4 ,Maside,32570,Ourense
Herminio Darío Pinedo Antúnez,44699076-W,herminiodariopinedoantunez@yahoo.com,639535085,,Ronda Fabricio Palma 74,Siétamo,22120,Huesca
Xiomara de Estévez,53556097-E,xiomaradeestevez@yahoo.com,734085398,,Pasadizo Sarita Valls 34 Puerta 2 ,Pinto,28320,Madrid
Amaro Arnau Machado,31581785-W,amaroarnaumachado@gmail.com,697769445,,Via Estefanía Gisbert 97,"Coruña, A",15002,A Coruña
Fabiana Robles Madrigal,89568612-B,fabianaroblesmadrigal@yahoo.com,675550529,,C. de Teresa Pozo 4,Armuña de Tajuña,19135,Guadalajara
Bernardino Baños Aguiló,46039598-S,bernardinobanosaguilo@gmail.com,629233814,,Vial de Custodio Larrañaga 67 Piso 4 ,Samaniego,01307,Álava
Florencio Escribano Franch,56326050-Q,florencioescribanofranch@gmail.com,737784359,9871644603,Acceso de Rufina Lozano 541 Piso 4 ,Priaranza del Bierzo,24445,León
Goyo Perelló Infante,37578996-D,goyoperelloinfante@gmail.com,682663690,915695034,Paseo de Norberto Sancho 76,Navalagamella,28212,Madrid
Chus Baró Valencia,11325166-N,chusbarovalencia@hotmail.com,743514376,9590196109,Via de Fidel Bolaños 76,Campofrío,21668,Huelva
Elisabet Merche Ortega Sosa,16623958-H,elisabetmercheortegasosa@gmail.com,723933226,,Alameda Valerio Pujol 85 Piso 5 ,Otos,46844,Valéncia
Jose Miguel Lobo-Bru,40865699-N,josemiguellobobru@hotmail.com,682494175,,Via de Carmelita Carrera 13 Puerta 8 ,Fontanar,19290,Guadalajara
Apolonia Velázquez Carrera,24846996-G,apoloniavelazquezcarrera@gmail.com,674121620,9271340667,Via de Rafaela Alberola 34,Almaraz,10350,Cáceres
Luciana América Ochoa Sales,74391191-Z,lucianaamericaochoasales@yahoo.com,629643138,,Glorieta Bárbara Vicente 999,Pitillas,31392,Nafarroa
Remigio de Viña,43544333-C,remigiodevina@hotmail.com,721678223,,Plaza Flora Matas 283,Titulcia,28359,Madrid
Lola Edelmira Alcázar Barbero,60268420-W,lolaedelmiraalcazarbarbero@hotmail.com,628579756,,Calle Alejandra Bonet 31,Candelaria,38520,Sta. Cruz de Tenerife
Paca Verdugo Ferrándiz,92924881-M,pacaverdugoferrandiz@gmail.com,771067112,9825562363,Glorieta de Lorenzo Echeverría 71,Becerreá,27668,Lugo
Marcial Expósito Gracia,25576418-G,marcialexpositogracia@yahoo.com,798157825,9586326962,Ronda de Luís Tejero 83,Granada,18002,Granada
Erasmo Bayón Serrano,49339447-P,erasmobayonserrano@hotmail.com,621105373,,Calle Desiderio Padilla 28 Piso 1 ,Ultzama,31797,Nafarroa
Rodrigo Ariza,13801465-Q,rodrigoariza@hotmail.com,639230791,,Callejón de Remedios Coello 928,Ciudad Real,13003,Ciudad Real
Reyes Pla Borja,37212902-Y,reyesplaborja@hotmail.com,636525816,9818096074,Camino Nidia Jódar 420 Apt. 91 ,Arteixo,15141,A Coruña
